id,pIC50
88531,5.1862856081188555
88532,5.087565366624426
88534,5.336016545391733
88535,5.28424728317714
88537,4.448062304635163
88538,5.775725985705742
88539,5.330683119433888
88540,5.427012291801795
88541,5.536704390037997
88542,5.641494088509765
88543,5.547753425479563
88544,4.861066059743076
88547,4.9051796196452
88548,5.7667499904589
88550,5.167618839752959
88551,6.651695136951839
88552,4.862962545210487
88553,5.609064892896621
88554,4.942714355581785
88555,5.1061273212049185
88556,5.619065536669298
88557,5.434624497285927
88558,5.447940465812116
88559,5.332266947466732
88560,5.273435783837756
88561,5.43842163169904
88562,5.123839915174372
88565,5.229442525149005
88566,5.079772288543071
88567,5.921180816901151
88568,5.943857737940948
88570,5.28525123927494
88571,5.872247484167027
88572,4.970210529168145
88573,5.359220522655143
88574,5.139362583226245
88575,5.069764347233715
88577,4.974284616098659
88580,5.684659523372711
88581,5.341511618690983
88583,5.357832365595055
88585,5.414539270491499
88586,5.455559862682308
88589,5.505149978319906
88590,5.057545473657523
88591,4.970210529168145
88592,5.162159138344477
88593,5.4800408192479315
88594,5.073606099730318
88595,5.476123524361869
88596,5.646083769079637
88597,5.7544873321858505
88598,5.360015751958412
88599,5.4319156686846055
88600,5.078209514341813
88601,5.110306208555815
88602,6.185086818724926
88603,5.6010189333418685
88604,5.424927674286187
88606,5.984640244590786
88609,5.787546038959724
88610,5.954677021213342
88613,5.336770365467133
88614,5.675100502947687
88615,5.1473980306617655
88616,5.1830299622427
88618,4.800244822746525
88619,5.8474059220725305
88620,5.57577192930402
88621,5.368860749743189
88623,5.519993057042849
88624,4.9714287473074625
88625,5.162980051459091
88626,5.715794932298206
88627,5.96617430604669
88628,5.898596649444669
88629,5.275069085807602
88631,5.247337056879028
88633,5.683610248926804
88635,5.486649201194043
88636,5.374996398985137
88637,5.187621488845806
153840,7.920818753952375
153841,8.346787486224656
198680,8.154901959985743
198682,8.522878745280337
213961,8.522878745280337
216201,5.962932241957442
216206,9.0
216209,8.522878745280337
216210,5.5230235342404725
216213,9.0
216216,5.000043431619807
216217,5.000043431619807
216218,5.000043431619807
216219,5.879064307438869
216220,8.886056647693163
216221,9.397940008672037
216223,8.2518119729938
216224,6.355955507185251
216225,6.245651664288981
216227,7.218963061378868
216228,9.0
216229,8.886056647693163
216232,6.32771737521108
216233,7.486782399932061
216234,9.0
216235,6.42608455957845
216236,8.522878745280337
216237,8.657577319177793
216238,8.619788758288394
216240,9.221848749616356
216241,7.892790030352131
216243,8.958607314841775
216246,8.886056647693163
216249,7.5718652059712115
216252,8.193820026016112
216253,9.154901959985743
216255,9.221848749616356
216257,8.431798275933005
216259,5.602703223270315
216260,7.5376020021010435
216261,5.000043431619807
216265,8.67778070526608
216267,5.000043431619807
216270,7.82102305270683
216271,5.916891720805265
216276,8.958607314841775
216277,8.769551078621726
216278,8.309803919971486
216279,7.931814138253839
216282,8.721246399047171
216283,8.55284196865778
216284,8.853871964321762
216285,8.031517051446064
216286,9.0
216287,5.000043431619807
216288,5.000043431619807
216289,5.000043431619807
216290,5.000043431619807
216296,6.512720183556931
216297,6.032873418923587
216299,5.881986728113159
216301,8.886056647693163
216302,8.254144804826272
216305,8.512861624522813
216306,9.022276394711152
216307,8.844663962534938
216314,8.18045606445813
216315,7.843148098929989
216318,8.051587034221399
216319,5.9215939371891135
216328,7.579714115058082
216329,7.646083769079637
216335,7.561932549546506
216341,8.625251653989896
216342,6.189243417992493
216343,6.243607347429733
216350,6.39936465723774
216351,6.48476217468157
216354,7.399135963690161
216355,7.892111974817201
216356,8.036684488613888
216357,9.136677139879543
216370,9.013228265733755
216376,8.844663962534938
216381,7.938170692705301
216386,8.761953896871205
216389,6.934906010642847
216390,6.243112970946654
216392,8.787812395596042
216393,8.72584215073632
216395,7.980053318321158
216396,7.879755204453635
216397,8.72584215073632
216398,5.5230235342404725
216399,5.936674148364336
216401,9.148741651280925
216402,5.783367053353646
216403,8.546681659952963
216404,8.040958607678906
216405,5.5230235342404725
216406,7.856985199745905
216407,5.5230235342404725
216409,5.000043431619807
216410,5.000043431619807
216411,7.324130044681043
216413,7.6311554931741785
216415,8.130768280269024
216419,6.883691185344584
216421,7.360413913326574
216423,6.672702382104146
216427,6.800519085137644
216433,7.002089632653257
216435,7.570409197776699
216437,5.58114872970792
216438,6.845332622377424
216439,8.46470587995723
216442,8.11690664142431
216444,6.423601054875761
216445,6.5997902298379385
216446,6.716857136696758
216447,6.568250367773066
216448,6.649674436003297
216453,8.67366413907125
216456,7.132237975349799
216457,6.871633046061918
216459,8.248720896016657
216461,5.5230235342404725
216462,5.746637760166932
216463,7.486249849918177
216465,7.781464494783473
216466,7.249954687988232
216468,6.951519352526498
216472,7.475733731233021
216473,7.406603157699793
216474,7.750557038557417
216480,7.947306058075032
216481,7.3281794398167515
216488,7.67264106561367
216494,7.37809703910877
216500,8.090443970758825
216501,8.178486471595226
216502,7.984640244590786
216503,8.119186407719209
216504,7.971022294791222
216506,7.516412703031106
216509,7.2362725962343015
216512,8.23582386760967
216513,8.411168274405792
216515,8.043831569524636
216518,8.405607449624574
216519,8.30189945437661
216520,7.536554968229572
216521,6.88672530753565
216526,7.371406744148741
216535,7.524038410807576
216537,7.337714484277869
216541,5.5230235342404725
216542,5.000043431619807
216543,5.000043431619807
216544,6.743859773365467
216545,5.843241928779146
216546,6.227707638490234
216547,6.088112963135103
216548,6.000469291503507
216549,7.491201034596095
216550,7.2609025538825245
216551,7.36997914888659
216552,7.559720786764411
216553,7.607303046740334
216554,5.992158376750328
216555,5.000043431619807
216556,5.703991133957023
216557,5.559434083177508
216558,5.187153463032929
226361,4.7423214251308154
226364,4.5934598195660445
226365,4.609418121449565
226366,4.255707016877324
226367,4.6020599913279625
226368,4.732828271596986
226369,4.7447274948966935
233744,10.08512818245995
233745,10.534617148551582
233746,10.033389013318066
233747,10.006123085058789
233748,10.528708288941061
233749,10.642065152999546
233750,7.327902142064283
233751,10.116338564846382
233752,10.401209493236886
233753,10.559090917934782
233754,10.96657624451305
233755,10.718966632752272
233756,10.97469413473523
233757,10.679853713888946
233758,9.13757044389399
233759,9.607478910068068
233760,9.464959186748839
233761,9.241996990700201
233762,6.1791420105603
233763,10.072116589669292
233764,9.91578131326076
233765,9.77365791283637
233766,9.814741234703416
233767,9.853561864714225
233768,10.170053304058364
233769,10.154901959985743
233770,9.09108625997903
233771,9.652474840001311
233772,9.96697855531709
233773,10.05749589383192
233774,10.33348201944512
233775,10.610833915635467
233776,7.455931955649724
233777,9.792634962530927
233778,9.777543663320753
233779,9.873543886568196
233780,11.050609993355087
233781,10.384049948343598
233782,9.83386602969489
233783,9.811634073936851
233784,10.44490555142168
233785,7.055517327849832
233786,8.70785473218588
233787,9.06620911585658
233788,9.07930286553008
233789,9.0
233790,9.508358206522415
233791,9.0
233792,9.236422275533355
233793,9.0
233794,8.522878745280337
233795,8.0
233796,8.909918381961178
233797,8.0
233798,10.098541678603887
233799,9.71783122169536
233800,8.0
233801,9.907981529247202
233802,10.435333935747911
233803,10.415668775632469
233804,10.400116927926312
233805,10.045757490560675
233806,10.69680394257951
233807,9.95272513261582
233808,9.65462626944091
233809,9.743282254022512
233810,10.23582386760967
233811,10.707743928643524
233812,10.260427655549908
233813,10.189767482004916
233814,10.11690664142431
233816,6.856985199745905
233817,9.862329462763245
233818,10.146910470148134
233819,9.41016205685254
233820,10.53313237964589
233821,10.1444808443322
233822,9.881404634776239
233823,10.219682687859848
233824,9.888065723667319
233825,9.849857838151442
233826,10.175223537524454
233827,10.11747546204512
233828,9.988852639224202
233829,6.651695136951839
233830,9.752272167090277
233832,9.97183558057553
233833,9.778585762157661
233835,10.364516253185087
233836,7.267606240177032
233837,9.964970717797632
233839,9.862329462763245
233840,9.20859008433284
233841,9.771086594005311
233842,9.743763466794077
233843,10.314258261397736
233844,9.837137006678073
233847,9.19524739784954
233848,9.716472635138306
233849,9.67264106561367
233850,10.14996674231023
233854,9.66394072213365
233855,9.25500332596144
233856,9.333950261519485
233857,9.66054855869356
233858,9.291069464193384
233859,10.478861916295964
233860,9.637329070274333
234527,7.7423214251308154
234528,7.3585258894959
234529,8.388276691992658
234531,7.6595558851598815
234532,7.265200170411153
234533,7.73754891026957
234534,6.903089986991944
234535,7.465973893943865
234536,7.581698708680254
234537,7.010995384301463
234538,7.928117992693875
234539,7.494850021680094
234540,7.790484985457369
234542,8.112945621949043
234544,7.709965388637482
234546,7.818156412055227
234547,7.481486060122112
234548,7.488116639021126
234549,7.375717904164332
234550,8.129596094720974
234551,7.349692476868063
234552,7.315154638355588
234553,7.204119982655925
234554,7.774690718274137
234555,7.823908740944319
234556,8.077793722560983
234557,7.841637507904751
234558,7.5638373529592435
234559,7.492144128304169
234560,7.777283528852417
234561,7.279014255846261
234562,7.7281583934635005
234563,6.899629454882437
234564,7.122628654130226
234565,8.094743951251548
234566,6.97061622231479
234567,7.174573882232177
234568,7.1487416512809245
234569,7.213958789757446
234570,8.047207556955907
234571,7.752026733638194
234572,7.164943898279883
234573,7.071092309756048
234576,7.070070439915412
234577,6.939302159646388
234578,7.042871802323187
234579,7.347753658996677
234580,7.071604147743286
234581,7.223298816011589
234584,7.686132779630847
234585,7.6252516539898965
234586,7.141462802430361
234587,7.696803942579511
234588,7.294992040666664
234589,7.493494967595128
234590,7.388276691992658
234591,7.657577319177793
234592,7.035269078946371
234593,7.3788237182249645
234594,7.250263684430939
234595,7.438898616350944
234596,8.068542129310995
234597,7.402304814074488
234598,7.647817481888637
234599,7.2580609222708015
234600,7.206209615309181
234601,7.565431095965801
234602,7.29929628285498
234603,7.464705879957229
234604,7.2549252084179425
234605,7.732828271596986
234606,7.605548319173784
234611,7.368556230986828
234612,8.242603971206975
234613,7.6307841425898575
234615,8.031517051446064
234616,7.966576244513051
234618,7.42712839779952
234620,7.339134521996131
234621,7.493494967595128
234624,7.406713932979542
234625,7.39040559077478
234627,7.543633966870957
234628,7.446116973356125
234629,7.184422251675732
234631,7.614393726401688
234632,8.20620961530918
234633,7.391473966422806
234634,7.404503778174426
234635,7.645891560852599
234636,7.448550002027125
234637,7.698970004336019
234638,8.000434511774017
234640,7.46344155742847
234641,7.30189945437661
234642,7.489454989793388
234643,7.294136287716081
234644,7.863279432843593
234645,7.651695136951839
234647,7.7544873321858505
234648,7.302770657240282
234649,7.530177984021837
234650,7.226945306635737
234651,7.350665141287858
234652,7.204119982655925
234653,8.161780778092375
234654,7.488116639021126
234655,7.920818753952375
234656,7.749579997691106
234657,10.701146923590294
234658,6.889410289700751
234659,10.782516055786093
234660,6.962573502059376
234661,10.436518914605589
234662,11.115204636051018
234663,11.39254497678533
234665,6.97469413473523
255671,7.309803919971486
255672,8.0
255673,6.229884705212898
255674,6.982966660701219
255675,8.721246399047171
255676,6.455931955649724
255677,8.080921907623926
255678,6.47755576649368
255679,7.638272163982407
255680,6.931814138253839
255682,6.920818753952375
255683,7.6020599913279625
255687,6.349692476868063
258334,7.6307841425898575
258335,7.373659632624958
258349,6.367542707815276
258380,6.156144577376839
258381,6.060980223551334
258382,6.176525770829699
258511,6.173925197299173
262042,9.0
262043,9.0
262045,8.221848749616356
262047,8.221848749616356
262048,8.221848749616356
262050,8.154901959985743
262051,8.221848749616356
262052,8.221848749616356
262055,8.221848749616356
262057,8.154901959985743
262058,8.221848749616356
262059,5.910094888560602
262060,6.958607314841775
262061,8.154901959985743
262065,6.508638306165727
262066,6.958607314841775
262067,8.154901959985743
262068,8.221848749616356
262069,8.154901959985743
262070,8.221848749616356
262071,8.698970004336019
262073,9.0
262074,8.698970004336019
262076,9.0
262077,9.0
262078,7.468521082957745
262079,7.5376020021010435
262080,6.769551078621726
262082,8.154901959985743
262083,8.698970004336019
262084,8.154901959985743
262086,9.0
262087,8.221848749616356
262088,9.0
262089,9.0
262090,8.221848749616356
262092,9.0
262094,9.0
262095,9.0
262096,9.0
262098,8.221848749616356
262102,8.221848749616356
262103,6.954677021213342
262104,6.657577319177793
262105,6.847711655616943
262106,6.581698708680254
262107,6.196542884351586
262108,9.0
262109,9.0
262110,9.0
262111,9.0
262112,8.154901959985743
262113,9.0
262114,6.835647144215563
262115,6.950781977329818
262116,6.503070351926785
262117,8.221848749616356
262118,7.958607314841775
262123,8.221848749616356
262124,9.0
262125,8.221848749616356
262126,8.154901959985743
262127,9.0
262128,9.0
262130,9.0
262131,6.053056729302175
262132,6.543633966870957
262133,5.997402019280091
262134,6.966576244513051
262135,8.221848749616356
273892,9.259637310505756
285398,6.157390760389438
285399,6.995678626217358
285400,6.860120913598763
285401,7.958607314841775
285402,7.086186147616283
285403,7.443697499232712
285404,7.154901959985743
285405,7.327902142064283
285408,6.0
285409,6.494850021680094
285410,6.197226274708024
285411,6.694648630553377
285412,7.0
285413,7.309803919971486
285414,7.102372908709558
285415,6.732828271596986
285416,7.7447274948966935
285417,8.045757490560675
285418,6.962573502059376
285419,7.309803919971486
285420,7.337242168318426
285421,7.886056647693163
285425,7.259637310505756
285427,6.769551078621726
285428,6.333482019445119
285429,6.995678626217358
285430,7.657577319177793
285431,6.607303046740334
285432,6.447331783887806
285433,6.7544873321858505
285434,7.301029995663981
285435,7.309803919971486
285436,7.698970004336019
285438,7.42021640338319
285439,7.721246399047171
285441,6.36251027048749
285443,7.301029995663981
285445,8.301029995663981
285447,8.522878745280337
285448,7.337242168318426
285449,7.769551078621726
285450,7.6777807052660805
285452,6.910094888560602
285453,8.154901959985743
285454,8.045757490560675
285455,7.6020599913279625
285456,7.508638306165727
285457,8.0
285458,8.301029995663981
285459,8.397940008672037
285460,8.096910013008056
285461,8.301029995663981
285462,7.443697499232712
285463,6.645891560852599
285464,7.119186407719209
285465,7.443697499232712
285466,8.301029995663981
285468,7.7447274948966935
285469,9.102372908709558
285470,8.397940008672037
285471,7.221848749616356
285472,7.259637310505756
285473,7.1249387366083
285474,8.522878745280337
285475,7.958607314841775
285476,8.698970004336019
285477,7.522878745280337
285478,8.522878745280337
285479,9.0
285480,8.0
285481,7.958607314841775
285482,8.397940008672037
285483,7.958607314841775
285484,7.823908740944319
285485,8.698970004336019
285486,8.522878745280337
285487,8.397940008672037
285488,8.522878745280337
285489,8.301029995663981
285490,7.795880017344075
285491,6.749579997691106
285492,8.154901959985743
285493,7.7447274948966935
285494,8.0
285495,8.522878745280337
285496,7.4089353929735005
285497,7.853871964321762
285498,7.031517051446065
285499,8.698970004336019
285500,7.376750709602099
285501,7.585026652029182
285502,7.142667503568731
285503,7.552841968657781
285504,6.924453038607469
285505,6.5934598195660445
285507,9.18045606445813
285508,7.376750709602099
285509,7.886056647693163
285510,7.638272163982407
285511,7.6777807052660805
285512,8.698970004336019
285513,7.958607314841775
285514,7.853871964321762
285515,8.698970004336019
285516,9.0
285517,8.045757490560675
285520,7.886056647693163
285521,6.54515513999149
285522,7.050609993355087
285523,7.431798275933005
285524,7.309803919971486
285525,7.657577319177793
285526,8.154901959985743
285527,7.7447274948966935
285528,7.769551078621726
285529,7.3979400086720375
285530,7.585026652029182
285531,8.698970004336019
285532,9.0
285533,9.045757490560675
285534,9.0
285535,8.397940008672037
285536,9.022276394711152
285537,8.698970004336019
285538,8.045757490560675
285539,9.0
285543,9.0
285548,9.0
285549,9.0
285550,7.468521082957745
285551,8.045757490560675
285552,7.4089353929735005
285553,8.301029995663981
285554,7.6020599913279625
285555,7.721246399047171
285556,8.0
285560,7.657577319177793
285561,8.096910013008056
285562,7.958607314841775
285563,8.221848749616356
285564,7.136677139879544
285565,7.823908740944319
285566,7.795880017344075
285567,7.552841968657781
285568,7.522878745280337
285569,7.221848749616356
285570,6.673664139071248
285571,7.214670164989233
285572,7.075720713938118
285574,7.585026652029182
285575,8.522878745280337
285576,8.0
285577,7.698970004336019
285578,8.397940008672037
285579,8.221848749616356
285580,7.769551078621726
285581,8.698970004336019
285582,7.698970004336019
285583,8.522878745280337
285584,7.6020599913279625
285585,8.522878745280337
285586,8.0
285587,8.698970004336019
285588,8.397940008672037
285591,7.552841968657781
285594,8.096910013008056
285596,8.522878745280337
285597,7.585026652029182
285598,8.045757490560675
285599,7.119186407719209
285600,6.823908740944319
285601,7.130768280269024
285602,7.853871964321762
285603,7.494850021680094
285604,8.045757490560675
285605,7.721246399047171
285606,7.481486060122112
285607,6.991399828238082
285609,8.301029995663981
285610,7.920818753952375
285611,7.6020599913279625
285612,7.251811972993799
285613,7.958607314841775
285614,8.301029995663981
285615,8.045757490560675
285616,8.045757490560675
285617,7.292429823902063
285618,8.154901959985743
285625,7.638272163982407
285626,7.173925197299173
285627,7.060480747381382
285628,7.4089353929735005
285629,7.7447274948966935
285630,7.795880017344075
285631,7.309803919971486
285632,6.698970004336019
285633,7.075720713938118
285634,7.1938200260161125
285635,7.1249387366083
285637,6.756961951313706
285638,7.0
285639,7.657577319177793
285640,7.6777807052660805
285641,6.91721462968355
285642,6.3979400086720375
285643,6.170696227168975
285644,6.449771646944906
285645,6.474955192963154
285646,6.838631997765025
285647,7.638272163982407
285648,6.619788758288394
285649,6.809668301829708
285650,7.455931955649724
285651,6.096910013008056
285652,7.113509274827518
285653,6.2403321553103694
285654,5.958607314841775
285655,6.841637507904751
285656,6.7447274948966935
285657,7.698970004336019
285658,7.318758762624412
285659,7.075720713938118
285660,6.920818753952375
285661,6.761953896871205
285662,7.455931955649724
285663,7.795880017344075
285664,7.236572006437063
285665,7.443697499232712
285666,7.585026652029182
285667,7.958607314841775
285669,7.958607314841775
285670,6.667561540084395
285671,8.301029995663981
285672,7.327902142064283
285674,7.638272163982407
285675,8.096910013008056
285676,7.036212172654444
285677,6.698970004336019
285678,8.096910013008056
285679,7.638272163982407
285681,8.397940008672037
285683,7.3872161432802645
285684,7.920818753952375
285685,7.795880017344075
285687,7.795880017344075
285688,7.3979400086720375
285689,7.013228265733755
285690,7.008773924307505
285691,7.096910013008056
285692,8.698970004336019
285693,8.397940008672037
285694,8.154901959985743
285695,8.522878745280337
285696,6.886056647693163
285697,7.619788758288394
285698,7.7447274948966935
285699,8.045757490560675
285700,7.769551078621726
285701,7.7447274948966935
285702,7.886056647693163
285705,7.455931955649724
285706,7.187086643357144
285708,8.301029995663981
285709,7.356547323513812
285710,7.494850021680094
285711,7.070581074285707
285712,8.045757490560675
285713,6.665546248849069
285714,7.494850021680094
285715,7.3872161432802645
285716,7.161150909262744
285718,6.8326826652518236
285719,7.886056647693163
285720,7.522878745280337
285721,7.275724130399211
285724,6.958607314841775
285725,7.431798275933005
285726,7.795880017344075
285730,7.481486060122112
285731,8.045757490560675
285732,7.638272163982407
285734,7.070581074285707
285735,7.698970004336019
285736,7.214670164989233
285738,7.251811972993799
285739,7.638272163982407
285740,7.142667503568731
285742,6.5951662833800615
285743,6.958607314841775
285745,8.301029995663981
285746,7.292429823902063
285747,7.443697499232712
285748,7.301029995663981
285749,7.494850021680094
285750,7.214670164989233
285751,7.657577319177793
285752,7.3979400086720375
285753,6.94692155651658
285754,7.356547323513812
285755,6.85078088734462
285756,6.913640169325252
285757,7.6777807052660805
285758,7.823908740944319
285759,8.397940008672037
285778,8.397940008672037
285779,8.301029995663981
285784,8.096910013008056
285785,7.721246399047171
285798,7.853871964321762
285799,7.6777807052660805
285800,6.568636235841013
285801,6.982966660701219
285806,7.468521082957745
285807,6.366531544420414
285808,8.522878745280337
285809,8.045757490560675
285812,7.4089353929735005
285813,6.54515513999149
285814,7.585026652029182
285815,7.6777807052660805
285816,6.709965388637482
285817,7.657577319177793
285818,7.769551078621726
285819,6.681936665037238
285820,7.3872161432802645
285821,7.1487416512809245
285822,7.443697499232712
285823,7.920818753952375
285824,7.42021640338319
285825,7.552841968657781
285826,7.619788758288394
285827,7.327902142064283
285828,6.991399828238082
285829,7.958607314841775
285830,7.522878745280337
285831,7.376750709602099
285832,7.366531544420414
285833,7.853871964321762
285834,7.468521082957745
285835,7.292429823902063
285836,7.443697499232712
285837,6.730487055782084
285838,7.318758762624412
285839,7.42021640338319
285840,7.619788758288394
285841,6.769551078621726
285842,8.154901959985743
285843,8.221848749616356
285844,7.200659450546418
285845,7.6020599913279625
285846,7.638272163982407
285847,7.481486060122112
285849,7.698970004336019
285850,7.568636235841013
285852,7.455931955649724
285853,6.97469413473523
285854,6.8696662315049934
285858,6.376750709602099
285859,6.619788758288394
285864,5.978810700930062
285866,6.616184634019569
285867,7.769551078621726
285868,6.866461091629782
285869,7.481486060122112
285870,7.455931955649724
285871,7.552841968657781
285872,7.468521082957745
285873,7.552841968657781
285874,7.229147988357855
285875,8.397940008672037
285876,8.522878745280337
285878,7.6020599913279625
285880,7.552841968657781
285881,8.397940008672037
285882,8.397940008672037
285883,8.045757490560675
285884,8.397940008672037
285885,8.0
285886,7.769551078621726
285887,7.136677139879544
285888,9.0
285889,8.221848749616356
285890,7.958607314841775
285891,8.301029995663981
285892,8.221848749616356
285893,7.920818753952375
285894,7.045757490560675
285895,8.698970004336019
285896,8.522878745280337
285897,7.1249387366083
285898,7.481486060122112
285899,7.187086643357144
285900,8.698970004336019
285901,8.522878745280337
285902,8.698970004336019
285903,9.022276394711152
285904,7.853871964321762
285905,8.698970004336019
285907,8.0
285908,8.397940008672037
285909,7.698970004336019
285910,8.221848749616356
285911,7.769551078621726
285912,6.97061622231479
285913,6.785156151952302
285914,7.886056647693163
285915,7.721246399047171
285916,7.055517327849832
285917,7.920818753952375
285918,8.045757490560675
285919,7.026872146400302
285920,7.292429823902063
285921,7.346787486224656
285922,6.5376020021010435
285923,7.229147988357855
285924,6.876148359032914
285925,6.772113295386326
285927,6.614393726401688
285929,6.501689446210399
285930,7.42021640338319
285931,7.107905397309519
285932,6.987162775294828
285933,7.42021640338319
285935,7.552841968657781
285937,6.318758762624412
285938,6.866461091629782
285939,7.638272163982407
285940,6.764471553092451
285941,6.301029995663981
285942,6.661543506395395
285943,6.530177984021837
285947,7.455931955649724
285948,6.939302159646388
285950,6.7447274948966935
285951,7.229147988357855
285952,7.221848749616356
285953,6.698970004336019
285954,7.638272163982407
285955,6.371611069949688
285956,6.954677021213342
285958,8.397940008672037
285960,7.886056647693163
285961,7.853871964321762
285962,7.920818753952375
285963,8.096910013008056
285964,8.301029995663981
285965,7.337242168318426
285966,8.221848749616356
285967,8.698970004336019
285968,8.698970004336019
285969,6.735182176990463
285971,7.568636235841013
285972,7.070581074285707
285974,6.924453038607469
285975,8.045757490560675
285976,6.823908740944319
285978,7.552841968657781
285980,7.7447274948966935
285982,7.508638306165727
285984,7.366531544420414
285986,6.628932137728263
285987,8.397940008672037
285988,6.511449283499556
285990,7.494850021680094
290214,5.7447274948966935
294077,7.040958607678906
294078,6.5638373529592435
294079,6.872895201635193
294080,7.136677139879544
294081,7.107905397309519
294082,7.2076083105017466
294083,6.903089986991944
294084,6.4698003017969175
294085,7.040958607678906
294086,6.667561540084395
294087,6.872895201635193
294088,6.838631997765025
294089,6.730487055782084
294090,6.774690718274137
294091,6.91721462968355
294092,7.327902142064283
294093,6.896196279044043
294094,6.844663962534939
294095,7.045757490560675
294096,7.180456064458132
294097,7.267606240177032
294098,7.2076083105017466
294099,7.455931955649724
294100,7.214670164989233
294101,7.008773924307505
294102,7.275724130399211
294103,6.863279432843593
294104,6.91721462968355
294105,6.458420756053419
294106,6.815308569182402
294111,6.102372908709558
294112,6.316052869248487
294142,6.049635145623877
294148,6.3448615651886175
294153,6.304518323509803
294156,6.962573502059376
294181,7.031517051446065
294182,6.73754891026957
294184,7.1487416512809245
302557,6.419075024324381
302558,6.095284454721319
302559,6.266000713461613
302560,6.2168113089247425
302561,5.853871964321762
302562,6.504455662453552
302563,6.0301183562535
302564,5.694648630553377
302565,6.1249387366083
302566,6.154901959985743
302567,5.249491605148654
302568,5.1438755557577
302569,6.241088107602026
302570,6.384049948343599
302571,6.752026733638194
302572,5.920818753952375
302573,6.224025668870631
302574,5.958607314841775
302575,6.511449283499556
302576,6.36251027048749
302577,5.966576244513051
302578,5.939302159646388
302579,6.767003889607846
302580,7.2839966563652006
302581,6.3851027839668655
302582,6.258848401148215
302583,6.005682847330363
302584,5.4723700991286615
302585,6.428291168191312
302586,7.055517327849832
302587,6.747146969020107
302588,6.429457060118103
302589,6.657577319177793
302590,6.024108863598207
302591,6.370590400897281
302592,6.79317412396815
302593,6.510041520575165
302594,6.096367483915762
302595,5.424812155072339
302596,7.070581074285707
302597,6.244887733604929
302598,6.29073003902417
351113,8.657577319177793
351116,8.853871964321762
351815,6.508638306165727
351816,7.769551078621726
351817,6.886056647693163
351818,7.585026652029182
351819,6.886056647693163
351820,7.920818753952375
351821,7.920818753952375
351822,7.522878745280337
351823,7.337242168318426
351824,7.721246399047171
352285,6.468521082957745
352286,6.657577319177793
352287,6.6020599913279625
352288,6.958607314841775
352289,5.6020599913279625
352290,6.2441251443275085
352291,7.119186407719209
352292,6.2076083105017466
352293,6.568636235841013
352294,7.494850021680094
352295,6.958607314841775
352296,6.251811972993799
352298,6.292429823902063
352299,7.327902142064283
352300,6.6777807052660805
352302,7.3979400086720375
352303,6.468521082957745
352304,7.1938200260161125
352305,6.6777807052660805
352306,7.443697499232712
352307,7.721246399047171
352308,8.0
352309,7.769551078621726
352310,6.7447274948966935
352311,7.3872161432802645
352312,7.494850021680094
352313,7.552841968657781
352314,8.193820026016112
352315,8.214670164989233
352316,6.3872161432802645
352317,7.853871964321762
352318,7.886056647693163
352319,6.0
352320,6.769551078621726
352322,7.267606240177032
352323,8.568636235841012
352326,7.7447274948966935
352327,8.823908740944319
352328,7.823908740944319
352329,7.522878745280337
352333,6.086186147616283
352334,6.7447274948966935
352335,7.494850021680094
352336,6.823908740944319
352337,7.508638306165727
352338,7.3979400086720375
352339,6.920818753952375
352340,7.886056647693163
352341,7.886056647693163
352342,6.698970004336019
352343,7.585026652029182
352344,8.55284196865778
352345,8.113509274827518
352346,7.853871964321762
352347,8.522878745280337
352348,9.0
352349,8.657577319177793
352350,8.267606240177031
352351,7.823908740944319
352352,7.698970004336019
352353,7.275724130399211
352354,6.522878745280337
352355,7.318758762624412
352356,7.050609993355087
352357,6.508638306165727
352359,7.585026652029182
352360,6.698970004336019
352361,7.585026652029182
352362,7.026872146400302
352364,7.214670164989233
352365,7.3872161432802645
352366,7.080921907623926
352367,6.6777807052660805
352368,7.0
352369,7.154901959985743
352371,7.346787486224656
352372,7.337242168318426
352373,6.823908740944319
352374,6.769551078621726
352376,6.721246399047171
352377,7.3872161432802645
352378,7.259637310505756
352379,7.619788758288394
352380,7.958607314841775
352381,7.040958607678906
352382,7.568636235841013
352383,7.102372908709558
352384,7.050609993355087
352387,7.494850021680094
352390,7.4089353929735005
352391,6.698970004336019
352392,7.376750709602099
352393,6.327902142064283
352394,6.721246399047171
352395,6.638272163982407
352398,6.721246399047171
352400,7.107905397309519
352401,7.619788758288394
352402,7.494850021680094
352403,7.468521082957745
352405,7.022276394711152
352406,7.619788758288394
352407,6.026872146400302
352408,7.026872146400302
352410,6.5376020021010435
352411,6.309803919971486
352412,7.4089353929735005
352413,6.130768280269024
352414,7.366531544420414
352415,6.3979400086720375
352416,7.119186407719209
352417,7.4089353929735005
352419,7.853871964321762
352420,8.2518119729938
352421,8.397940008672037
352422,7.823908740944319
352423,7.698970004336019
352424,8.309803919971486
352425,8.0
352426,8.55284196865778
352427,7.657577319177793
352428,7.142667503568731
352429,8.431798275933005
352430,8.638272163982407
352431,7.619788758288394
352432,7.494850021680094
352433,7.376750709602099
352434,7.698970004336019
352435,8.356547323513812
352436,7.958607314841775
352437,7.6777807052660805
352438,7.958607314841775
352439,6.698970004336019
352440,7.468521082957745
352441,7.522878745280337
352442,7.698970004336019
352443,7.638272163982407
352444,7.522878745280337
352445,6.1487416512809245
352446,7.2839966563652006
352447,6.958607314841775
352448,6.026872146400302
352449,7.031517051446065
352450,6.585026652029182
352451,7.142667503568731
352452,8.130768280269024
352453,6.721246399047171
352454,7.508638306165727
352455,7.619788758288394
352456,7.026872146400302
352457,8.721246399047171
352458,6.886056647693163
352459,7.4089353929735005
352460,7.259637310505756
352461,7.376750709602099
352462,7.292429823902063
352463,7.568636235841013
352464,7.42021640338319
352465,8.075720713938118
352466,7.42021640338319
352467,7.008773924307505
352468,7.075720713938118
352469,7.42021640338319
352470,7.3872161432802645
352471,6.130768280269024
352472,7.337242168318426
352473,6.259637310505756
352474,7.376750709602099
352475,6.1249387366083
352476,7.443697499232712
352477,6.3979400086720375
352478,7.346787486224656
352479,7.431798275933005
352480,7.455931955649724
352481,7.494850021680094
352482,7.180456064458132
352483,7.070581074285707
352484,6.795880017344075
352485,6.721246399047171
352486,6.6020599913279625
352488,7.259637310505756
352489,7.481486060122112
352490,6.376750709602099
352491,7.721246399047171
352492,6.130768280269024
352493,7.327902142064283
352494,6.721246399047171
352495,7.886056647693163
352496,6.6020599913279625
352498,6.7447274948966935
352499,6.853871964321762
352500,7.0915149811213505
352501,7.0655015487564325
352502,7.045757490560675
352503,7.481486060122112
352504,7.508638306165727
352505,7.920818753952375
352506,6.698970004336019
352508,7.6777807052660805
352509,8.356547323513812
352510,7.060480747381382
352511,6.886056647693163
352512,7.638272163982407
352513,7.481486060122112
352514,7.1487416512809245
352515,6.055517327849832
352516,6.431798275933005
352517,7.2839966563652006
352518,8.0
352519,8.337242168318426
352520,7.455931955649724
352521,6.958607314841775
352522,6.769551078621726
352523,7.2839966563652006
352524,6.5376020021010435
352525,7.42021640338319
352526,7.2076083105017466
352527,7.721246399047171
352528,7.045757490560675
352530,7.251811972993799
352531,6.7447274948966935
352533,7.221848749616356
352534,8.18045606445813
352535,7.619788758288394
352536,7.823908740944319
352537,7.2076083105017466
352538,7.795880017344075
352539,7.0915149811213505
352540,8.09151498112135
352541,7.318758762624412
352542,7.040958607678906
352543,7.346787486224656
352544,6.657577319177793
352545,7.494850021680094
352546,6.7447274948966935
352547,6.958607314841775
352548,7.494850021680094
352549,7.443697499232712
352550,7.920818753952375
352551,7.0
352552,7.200659450546418
352553,7.275724130399211
352554,7.6777807052660805
352557,7.309803919971486
352558,7.481486060122112
352559,7.468521082957745
352560,7.356547323513812
352561,7.2076083105017466
352562,7.301029995663981
352563,7.154901959985743
352564,6.958607314841775
352565,6.823908740944319
352566,6.920818753952375
352567,7.455931955649724
352568,7.113509274827518
352569,6.823908740944319
352570,6.823908740944319
352571,7.4089353929735005
352572,7.0
352573,7.769551078621726
352574,7.0
352575,6.920818753952375
352576,7.1938200260161125
352577,7.187086643357144
352578,7.0
352579,6.958607314841775
352580,6.769551078621726
352581,7.229147988357855
352582,7.142667503568731
352583,7.5376020021010435
352584,6.455931955649724
352586,6.5376020021010435
352587,7.267606240177032
352588,6.585026652029182
352589,7.920818753952375
352591,6.42021640338319
352592,6.795880017344075
352593,7.346787486224656
352594,7.292429823902063
352595,6.721246399047171
352596,6.698970004336019
352597,7.00436480540245
352598,7.795880017344075
352599,7.2441251443275085
352600,6.638272163982407
352601,7.2441251443275085
352602,6.6777807052660805
352603,8.148741651280925
352604,7.468521082957745
352605,7.468521082957745
352606,7.236572006437063
352607,6.508638306165727
352608,7.267606240177032
352609,7.481486060122112
352610,7.5376020021010435
352611,7.327902142064283
352612,7.267606240177032
352613,7.346787486224656
352614,7.356547323513812
352616,6.5376020021010435
352617,6.431798275933005
352618,6.468521082957745
352619,7.221848749616356
352620,7.2839966563652006
352621,6.638272163982407
352622,7.229147988357855
352623,7.468521082957745
352624,7.200659450546418
352625,7.167491087293763
352626,6.698970004336019
352627,7.221848749616356
352628,6.958607314841775
352629,7.292429823902063
352630,7.318758762624412
352631,7.327902142064283
352632,7.050609993355087
352633,7.5376020021010435
352634,7.508638306165727
352635,7.585026652029182
352636,7.481486060122112
352637,7.443697499232712
352638,6.481486060122113
352639,6.040958607678906
352640,6.657577319177793
352641,7.0
352642,6.6020599913279625
352643,7.2441251443275085
352644,6.5376020021010435
352645,7.958607314841775
352646,7.795880017344075
352647,7.552841968657781
352648,8.366531544420413
352649,8.214670164989233
352651,7.013228265733755
352652,7.455931955649724
352653,7.795880017344075
352654,7.958607314841775
352655,6.7447274948966935
352656,6.481486060122113
352657,6.721246399047171
352658,7.769551078621726
352659,7.1487416512809245
352660,6.958607314841775
352661,8.602059991327963
352662,6.657577319177793
352663,7.2441251443275085
352664,7.200659450546418
352665,8.55284196865778
352666,6.431798275933005
352667,7.886056647693163
352668,6.251811972993799
352669,7.096910013008056
352670,7.508638306165727
352671,7.568636235841013
352672,7.494850021680094
352673,7.6020599913279625
352674,6.853871964321762
352676,6.4089353929735005
352677,7.096910013008056
352678,7.522878745280337
352679,7.045757490560675
352680,8.0
352681,6.721246399047171
352682,6.6777807052660805
352683,6.958607314841775
352684,7.5376020021010435
352685,6.721246399047171
352686,7.443697499232712
352687,7.522878745280337
352688,6.522878745280337
352689,6.455931955649724
352690,6.6020599913279625
352691,6.251811972993799
352692,8.136677139879543
352693,7.886056647693163
352694,7.494850021680094
352695,7.3979400086720375
352696,7.823908740944319
352697,8.2518119729938
352698,7.508638306165727
352699,6.886056647693163
352700,7.022276394711152
352701,7.327902142064283
352702,7.585026652029182
352703,8.075720713938118
352704,8.214670164989233
352705,7.823908740944319
352706,6.769551078621726
352707,7.292429823902063
352708,6.142667503568731
352709,6.318758762624412
352710,7.657577319177793
352711,7.2076083105017466
352712,8.920818753952375
352713,6.1249387366083
352714,7.455931955649724
352715,7.309803919971486
352716,7.886056647693163
352717,8.05551732784983
352718,7.568636235841013
352719,7.853871964321762
352720,7.6777807052660805
352721,8.602059991327963
352722,6.769551078621726
352723,7.259637310505756
352724,7.356547323513812
352725,6.468521082957745
352726,8.173925197299173
352727,7.508638306165727
352728,8.337242168318426
352729,7.214670164989233
352730,7.853871964321762
352731,7.221848749616356
352732,7.522878745280337
352733,8.045757490560675
352734,6.886056647693163
359267,6.94692155651658
359268,6.460923901207224
359269,6.568636235841013
370424,7.756961951313706
370425,6.995678626217358
370850,5.821886747685368
399536,7.3124710387853655
399537,7.259637310505756
399538,7.1249387366083
399539,9.301029995663981
399540,7.386158178123931
399625,7.259637310505756
399626,7.259637310505756
399627,7.259637310505756
399628,7.259637310505756
399629,7.259637310505756
399630,7.259637310505756
399631,7.259637310505756
399632,7.259637310505756
399633,7.259637310505756
399634,7.259637310505756
399635,7.259637310505756
399636,7.259637310505756
399637,7.259637310505756
399638,7.259637310505756
399639,7.259637310505756
399640,7.259637310505756
399641,7.259637310505756
399642,7.259637310505756
399643,7.259637310505756
399644,7.259637310505756
399645,7.259637310505756
399646,7.259637310505756
399648,7.259637310505756
399649,7.259637310505756
399650,7.259637310505756
399651,7.259637310505756
399652,7.259637310505756
399653,7.259637310505756
399654,7.259637310505756
399655,7.259637310505756
399656,7.259637310505756
399657,7.259637310505756
399658,7.259637310505756
399659,7.259637310505756
399660,7.259637310505756
399661,7.259637310505756
399662,7.259637310505756
399663,7.259637310505756
399664,7.259637310505756
399665,7.259637310505756
399666,7.259637310505756
399667,7.259637310505756
399668,7.259637310505756
399669,7.259637310505756
399670,7.259637310505756
399671,7.259637310505756
399672,7.259637310505756
399673,7.259637310505756
399674,7.259637310505756
399675,7.259637310505756
399676,7.259637310505756
399677,7.259637310505756
399678,7.259637310505756
399679,7.259637310505756
399680,7.259637310505756
399681,7.259637310505756
399682,7.259637310505756
399683,7.259637310505756
399684,7.259637310505756
399685,7.259637310505756
399686,7.259637310505756
399688,7.259637310505756
399689,7.259637310505756
399690,7.259637310505756
399692,7.259637310505756
399693,7.259637310505756
399694,7.259637310505756
399695,7.259637310505756
399696,7.259637310505756
399697,9.259637310505756
399698,9.259637310505756
399699,9.259637310505756
399700,9.259637310505756
399701,9.259637310505756
399702,9.259637310505756
399703,9.259637310505756
399704,9.259637310505756
399705,9.259637310505756
399706,9.259637310505756
399707,9.259637310505756
399708,9.259637310505756
399709,9.259637310505756
399710,9.259637310505756
399711,9.259637310505756
399712,9.259637310505756
399713,9.259637310505756
399714,9.259637310505756
399715,9.259637310505756
399716,9.259637310505756
399717,9.259637310505756
399718,9.259637310505756
399719,9.259637310505756
399720,9.259637310505756
399721,9.259637310505756
399722,9.259637310505756
399723,9.259637310505756
399724,9.259637310505756
399725,9.259637310505756
399726,9.259637310505756
399727,9.259637310505756
399728,9.259637310505756
399729,9.259637310505756
399730,9.259637310505756
399731,9.259637310505756
399732,9.259637310505756
399733,9.259637310505756
399734,9.259637310505756
399735,9.259637310505756
399736,9.259637310505756
399737,9.259637310505756
399738,9.259637310505756
399739,9.259637310505756
399740,9.259637310505756
399741,9.259637310505756
399742,9.259637310505756
399743,9.259637310505756
400616,5.829444941478791
400617,7.568636235841013
400619,7.2441251443275085
400621,8.154901959985743
400623,8.0
400626,7.6777807052660805
400627,6.211831628858833
400628,6.393618634889395
400630,6.714442690992226
400631,7.036212172654444
400632,8.698970004336019
400633,7.568636235841013
400634,7.040958607678906
400635,6.573488738635425
400636,6.617982957425132
400637,6.392544976785332
400638,6.896196279044043
400639,5.829444941478791
400641,6.382999658879101
400642,6.311580177997289
400643,6.7594507517174005
400644,8.397940008672037
400645,8.301029995663981
400646,7.657577319177793
400647,7.267606240177032
400649,7.327902142064283
400650,7.130768280269024
400651,7.3979400086720375
400652,7.6777807052660805
400653,7.309803919971486
400655,6.064996848546345
400656,6.107905397309519
400657,7.050609993355087
400658,7.7447274948966935
400659,6.991399828238082
400660,7.698970004336019
400661,7.920818753952375
400662,6.252588192113577
400663,8.698970004336019
400664,7.6777807052660805
400665,8.522878745280337
400666,7.619788758288394
400667,7.585026652029182
400668,6.679853713888946
400669,8.221848749616356
400670,7.356547323513812
400672,6.991399828238082
400673,6.667561540084395
400674,6.552841968657781
400675,7.337242168318426
400676,7.769551078621726
400677,7.431798275933005
400679,7.173925197299173
400681,6.542118103266008
400682,6.530177984021837
400683,8.221848749616356
400684,7.154901959985743
400685,7.107905397309519
400686,6.7423214251308154
400687,7.585026652029182
400688,6.8326826652518236
400689,7.4089353929735005
400690,9.221848749616356
400691,8.096910013008056
400692,8.045757490560675
400693,8.397940008672037
400694,7.1249387366083
400695,7.638272163982407
400700,6.73754891026957
400701,7.42021640338319
400702,6.790484985457369
400703,6.131943638176958
400705,9.698970004336019
400706,6.876148359032914
400707,7.318758762624412
400708,6.686132779630847
400709,6.94692155651658
400710,6.089909454405932
400711,8.301029995663981
400712,8.045757490560675
400713,7.6777807052660805
400714,8.698970004336019
400715,8.221848749616356
400716,8.522878745280337
400717,8.698970004336019
400718,8.522878745280337
400719,8.221848749616356
400720,8.522878745280337
400722,8.221848749616356
400724,8.522878745280337
400727,6.876148359032914
400728,6.995678626217358
400729,6.835647144215563
400732,8.698970004336019
400733,8.0
400736,8.154901959985743
400737,8.154901959985743
400738,7.619788758288394
400739,8.522878745280337
400741,7.481486060122112
400743,8.221848749616356
400744,8.397940008672037
400745,7.795880017344075
400746,7.6777807052660805
400748,8.522878745280337
400749,6.458420756053419
400750,7.958607314841775
400751,6.696803942579511
400758,8.397940008672037
400759,7.6777807052660805
400760,7.823908740944319
400764,8.522878745280337
400765,7.376750709602099
400767,8.154901959985743
400768,7.823908740944319
400769,8.698970004336019
400770,6.856985199745905
400771,5.996108833763089
400772,6.33161408331
400773,6.73754891026957
400774,6.044312249686494
400775,6.747146969020107
400776,6.6777807052660805
400777,6.7544873321858505
400778,6.730487055782084
400779,6.749579997691106
400780,6.899629454882437
400781,7.795880017344075
400794,8.0
400795,6.060480747381382
400796,5.829444941478791
400798,7.958607314841775
400799,6.6307841425898575
400800,6.614393726401688
400801,6.503070351926785
400802,7.259637310505756
400803,6.8696662315049934
400804,5.88672530753565
400805,6.496209316942819
400806,7.107905397309519
400807,8.221848749616356
400808,6.892790030352131
400809,6.527243550682788
400810,6.649751981665837
400811,6.616184634019569
400812,6.0746879085003505
400813,6.681936665037238
400814,7.136677139879544
400815,6.337242168318426
400816,6.978810700930062
400817,7.356547323513812
400818,6.051587034221399
400819,7.886056647693163
400820,5.9775716288145135
400821,6.126679398184601
400822,7.958607314841775
400823,6.092051478387727
400824,6.343901797987168
400825,6.3979400086720375
400826,6.349692476868063
400827,8.301029995663981
400828,7.2441251443275085
400829,5.928117992693875
400830,7.154901959985743
400831,6.675717544702307
400832,7.886056647693163
400833,8.221848749616356
400834,8.698970004336019
400835,8.522878745280337
400836,8.397940008672037
400838,7.4089353929735005
400839,7.552841968657781
400840,7.7447274948966935
400841,6.913640169325252
400842,6.298432014944073
400843,7.142667503568731
400844,7.6020599913279625
400845,7.508638306165727
400846,7.3872161432802645
400847,7.886056647693163
400848,8.221848749616356
400850,6.681936665037238
400851,6.931814138253839
400852,6.804100347590766
400853,7.136677139879544
400854,7.431798275933005
400856,7.327902142064283
400857,7.080921907623926
400858,7.0915149811213505
400859,6.787812395596042
400860,6.838631997765025
400861,7.013228265733755
400863,8.301029995663981
400864,7.853871964321762
400865,6.235077015350112
400866,6.193141970481182
400867,6.235077015350112
400868,7.1938200260161125
400869,7.657577319177793
400870,7.468521082957745
400871,7.022276394711152
400872,7.0
400873,7.136677139879544
400874,7.5376020021010435
400875,7.795880017344075
400876,8.045757490560675
400877,7.6020599913279625
400878,7.060480747381382
400879,7.552841968657781
400880,7.275724130399211
400881,7.337242168318426
400882,6.552841968657781
400883,6.892790030352131
400884,8.154901959985743
400885,8.221848749616356
400886,8.0
400887,7.481486060122112
400888,7.698970004336019
400889,6.806875401645538
400890,7.795880017344075
400891,7.086186147616283
400892,7.167491087293763
400893,8.096910013008056
400894,8.045757490560675
400895,9.0
400896,8.397940008672037
400897,7.886056647693163
400898,6.978810700930062
400899,7.229147988357855
400900,6.037630664329979
400901,8.698970004336019
400902,8.301029995663981
400905,7.795880017344075
400906,7.070581074285707
400907,6.628932137728263
400908,7.130768280269024
400909,7.017728766960431
400911,8.096910013008056
400912,7.823908740944319
400913,7.552841968657781
400914,7.481486060122112
400915,6.920818753952375
400916,7.42021640338319
400917,8.045757490560675
400918,7.142667503568731
400919,8.301029995663981
400920,6.127843727251707
400921,7.958607314841775
400922,7.1487416512809245
400923,7.698970004336019
400924,7.522878745280337
400925,7.721246399047171
400926,7.42021640338319
400927,7.017728766960431
400928,7.356547323513812
400929,7.431798275933005
400930,6.619788758288394
400931,6.838631997765025
400932,6.910094888560602
400933,7.3979400086720375
400934,7.017728766960431
400935,6.920818753952375
400937,8.301029995663981
400938,6.991399828238082
400939,6.603800652904264
400940,7.301029995663981
400941,6.497572880015567
400942,7.055517327849832
400943,7.3979400086720375
400944,7.080921907623926
400945,7.1487416512809245
400946,7.3979400086720375
400947,6.987162775294828
400948,6.806875401645538
400949,7.42021640338319
400950,7.236572006437063
400951,6.4736607226101555
400952,6.09799710864927
400953,6.497572880015567
400954,6.497572880015567
400955,7.013228265733755
400956,7.431798275933005
400957,6.987162775294828
400958,7.1487416512809245
400959,7.7447274948966935
400960,7.568636235841013
400961,6.525783735923745
400962,7.119186407719209
400963,6.581698708680254
400964,5.829444941478791
400965,6.308918507877031
400966,6.428291168191312
400967,6.33161408331
400968,6.092051478387727
400969,6.4736607226101555
400970,6.315154638355588
400971,6.219682687859849
400972,6.991399828238082
400973,6.58838029403677
400974,5.829444941478791
400975,6.567030709125595
400976,6.452225294612178
400977,6.071092309756048
400978,6.351639989019068
400979,6.1732774798310075
400980,6.373659632624958
400981,5.829444941478791
400982,5.925915310971756
400983,5.829444941478791
400984,6.87942606879415
400985,6.655607726314889
400987,8.045757490560675
400988,7.920818753952375
400989,8.096910013008056
400990,6.292429823902063
400991,7.585026652029182
400992,7.1938200260161125
400993,7.795880017344075
400994,7.031517051446065
400995,7.040958607678906
400996,7.154901959985743
400997,6.497572880015567
400998,6.97061622231479
400999,7.026872146400302
401000,6.718966632752273
401001,6.429457060118103
401002,6.497572880015567
401003,6.548213564475709
401004,6.709965388637482
401005,7.356547323513812
401006,8.096910013008056
401007,6.7121982700697735
401008,7.455931955649724
401009,6.801342913045577
401010,6.863279432843593
401011,6.735182176990463
401012,6.939302159646388
401013,7.200659450546418
401014,6.7544873321858505
401015,6.638272163982407
401016,7.075720713938118
401017,6.455931955649724
401018,6.623423042943488
401019,6.3487219860018556
401024,6.779891911959945
401027,6.605548319173784
401028,6.525783735923745
401029,6.2441251443275085
401030,6.266000713461613
401031,7.376750709602099
401032,8.698970004336019
401033,7.318758762624412
401034,7.017728766960431
401035,6.6307841425898575
401036,7.200659450546418
401037,7.337242168318426
401038,6.856985199745905
401039,7.102372908709558
401040,7.886056647693163
401041,8.045757490560675
401042,8.096910013008056
401044,6.812479279163537
401045,7.823908740944319
401046,7.356547323513812
401047,7.552841968657781
401048,7.3979400086720375
401049,8.045757490560675
401050,7.657577319177793
401051,8.522878745280337
401052,6.939302159646388
401053,7.42021640338319
401054,7.327902142064283
401055,8.301029995663981
401056,8.0
401057,7.455931955649724
401058,7.113509274827518
401059,8.0
401060,7.886056647693163
401061,8.522878745280337
401062,7.920818753952375
401063,8.698970004336019
401064,8.221848749616356
401065,9.0
401066,8.045757490560675
401067,7.455931955649724
401068,8.522878745280337
401069,8.522878745280337
401070,8.698970004336019
401071,8.045757490560675
401074,8.522878745280337
401075,6.436518914605589
401076,6.607303046740334
401077,6.232844133917819
401078,6.334419008982047
401079,6.283162276700476
401080,7.167491087293763
401081,6.2020403562628035
401082,6.732828271596986
401083,6.718966632752273
401084,6.669586226650809
401085,7.161150909262744
401086,7.096910013008056
401087,6.368556230986828
401088,6.253365801062421
401089,6.801342913045577
401090,7.107905397309519
401091,5.843148098929989
401092,6.4698003017969175
401093,6.476253533188435
401094,7.6777807052660805
401095,6.954677021213342
401096,6.826813731587726
401097,6.97469413473523
401098,6.476253533188435
401099,6.486782399932061
401100,6.761953896871205
401101,6.603800652904264
401102,5.92299567320665
401103,6.747146969020107
401104,6.774690718274137
401105,7.161150909262744
401106,6.790484985457369
401107,7.102372908709558
401108,5.829444941478791
401109,6.2949920406666635
401110,6.1830961606243395
401111,7.0655015487564325
401112,6.576754126063192
401113,7.552841968657781
401114,6.841637507904751
401115,6.632644078973981
401116,6.943095148663527
401117,6.73754891026957
401118,6.518557371497695
401119,6.554395796726403
401122,6.492144128304169
401125,7.229147988357855
401126,8.221848749616356
401127,8.698970004336019
401128,8.522878745280337
401131,7.4089353929735005
401133,5.875169850586141
401139,6.449771646944906
401140,8.154901959985743
401141,7.136677139879544
401144,8.698970004336019
401146,9.0
401149,7.366531544420414
401152,6.6252516539898965
401156,6.5638373529592435
401158,8.397940008672037
401162,9.096910013008056
401164,7.522878745280337
401167,6.987162775294828
401168,6.119186407719209
401169,8.045757490560675
401174,6.113509274827518
401179,8.221848749616356
401183,7.619788758288394
401184,6.388276691992658
401185,6.798602875679548
401187,8.154901959985743
401194,6.889410289700751
401197,6.008330992620052
401198,6.175874166083451
401199,8.045757490560675
401200,6.089375595110798
401201,7.431798275933005
401203,7.455931955649724
401205,6.647817481888637
401206,7.886056647693163
401207,6.578396073130169
401208,6.876148359032914
401209,6.488116639021126
401210,8.301029995663981
401211,6.35261702988538
401214,9.221848749616356
401215,6.280668713016273
401218,7.075720713938118
401220,9.698970004336019
401224,8.698970004336019
401225,5.984221243610959
401226,7.508638306165727
401228,6.665546248849069
401234,7.508638306165727
401235,8.698970004336019
401236,6.661543506395395
401240,7.481486060122112
401241,8.698970004336019
401242,6.22548303427145
401243,6.070070439915412
401245,6.815308569182402
401246,6.356547323513812
401247,8.698970004336019
401248,8.698970004336019
401249,8.045757490560675
401250,5.998266287190999
401251,5.848017604542526
401254,5.856360764725457
401255,8.0
401256,8.045757490560675
401257,7.769551078621726
401259,5.9775716288145135
401263,6.11975822410452
401267,7.886056647693163
401268,7.173925197299173
401269,8.301029995663981
401270,10.0
401271,5.829444941478791
401272,6.709965388637482
401273,6.521433504406157
401274,5.829444941478791
401275,10.0
401276,7.494850021680094
401277,7.080921907623926
401278,7.619788758288394
401279,6.3124710387853655
401280,7.698970004336019
401281,7.657577319177793
401282,7.327902142064283
401283,7.2076083105017466
411890,6.161780778092374
411891,7.167491087293763
411892,7.00436480540245
411893,7.292429823902063
414816,5.896196279044043
414817,6.304518323509803
414818,7.3872161432802645
414819,7.4089353929735005
414820,6.075204004202088
414821,6.43533393574791
414822,6.903089986991944
414823,7.0915149811213505
414824,6.2020403562628035
414825,6.931814138253839
414826,6.412289034981089
414827,6.982966660701219
414828,5.997833938243493
414829,6.078313524516398
414830,6.732828271596986
414831,6.386158178123931
414832,5.962972120244225
414833,6.153044674980176
414834,6.019996628416254
414835,6.1220530483708115
414836,6.121478204498794
414837,6.432973633840939
414838,6.364516253185088
414839,6.366531544420414
414840,6.386158178123931
414841,6.87942606879415
414842,5.909741947068683
414844,5.9582126810282485
414845,6.97469413473523
414847,5.9542859410591324
414848,6.801342913045577
414849,5.97061622231479
414850,6.5934598195660445
414852,5.884722408604098
414853,6.5718652059712115
414854,6.694648630553377
414855,6.543633966870957
414856,6.876148359032914
414857,6.560667306169737
414858,6.384049948343599
414859,6.812479279163537
414860,6.329754146925876
414861,6.08460016478773
414863,7.136677139879544
414864,6.370590400897281
414865,5.858236769724212
414869,5.9222688203476075
414872,5.873868592738016
414882,5.954677021213342
414883,5.949233688766958
414884,5.855425792390384
414890,5.964970717797632
414891,6.002613615602686
414892,5.919373513078194
414894,7.3872161432802645
414895,6.8696662315049934
414896,7.356547323513812
414897,7.161150909262744
414898,7.113509274827518
414899,7.853871964321762
414900,6.35261702988538
414901,7.2076083105017466
414902,7.119186407719209
414903,7.214670164989233
414904,7.251811972993799
414905,6.838631997765025
414906,7.2839966563652006
414907,7.275724130399211
414908,6.920818753952375
414909,6.728158393463501
414910,7.060480747381382
414911,6.453457336521869
414912,7.070581074285707
414913,7.823908740944319
414914,7.366531544420414
414915,7.017728766960431
414916,7.119186407719209
414917,6.416801226031377
414918,7.113509274827518
414919,7.585026652029182
414920,7.886056647693163
414921,7.7447274948966935
414922,7.853871964321762
414923,7.721246399047171
414924,7.327902142064283
414925,7.657577319177793
414926,6.718966632752273
414927,7.130768280269024
414928,6.273272790973428
414929,7.481486060122112
414930,7.698970004336019
414931,7.376750709602099
414932,7.698970004336019
414933,7.853871964321762
414934,7.920818753952375
414935,7.721246399047171
414936,7.958607314841775
414937,7.008773924307505
414938,7.200659450546418
414939,6.657577319177793
414940,7.1249387366083
414941,7.468521082957745
414942,7.2839966563652006
414943,6.8297382846050425
414944,7.431798275933005
414945,7.236572006437063
414946,7.327902142064283
414947,6.779891911959945
414948,6.58838029403677
414949,7.455931955649724
414950,7.036212172654444
414951,6.954677021213342
414952,7.102372908709558
414953,7.619788758288394
414954,6.982966660701219
414955,7.086186147616283
414956,7.431798275933005
414957,7.180456064458132
414958,8.221848749616356
414959,8.096910013008056
414960,6.950781977329818
414962,6.835647144215563
414963,6.430626090384954
414964,7.494850021680094
414965,7.619788758288394
414966,7.823908740944319
414967,7.017728766960431
414968,8.698970004336019
414969,6.954677021213342
414970,9.0
414971,8.522878745280337
414972,7.214670164989233
414973,7.6777807052660805
414974,7.568636235841013
414975,9.221848749616356
414976,9.154901959985743
414977,6.610833915635467
414978,8.301029995663981
414979,6.91721462968355
414980,8.397940008672037
414981,8.397940008672037
414982,6.804100347590766
414983,9.698970004336019
414984,9.698970004336019
414985,7.920818753952375
414986,8.045757490560675
414988,6.928117992693875
414989,8.301029995663981
414990,7.769551078621726
414991,9.221848749616356
414992,9.397940008672037
414993,7.6777807052660805
414994,6.872895201635193
414995,8.397940008672037
414996,8.301029995663981
414997,6.51427857351842
414998,8.154901959985743
414999,6.872895201635193
415000,8.522878745280337
415001,9.698970004336019
415002,9.154901959985743
415003,8.522878745280337
415004,7.173925197299173
415005,8.522878745280337
415006,7.6020599913279625
415007,6.686132779630847
415008,6.490797477668897
415009,7.853871964321762
415013,7.221848749616356
415016,8.221848749616356
415017,7.7447274948966935
415018,6.534617148551582
418569,7.080921907623926
418570,6.889410289700751
418571,6.7544873321858505
418572,7.7447274948966935
418573,7.259637310505756
418575,8.301029995663981
418577,8.154901959985743
418578,8.221848749616356
418579,7.4089353929735005
418580,7.0655015487564325
418581,8.221848749616356
418582,7.638272163982407
418583,8.397940008672037
418584,8.301029995663981
418585,8.301029995663981
418586,7.920818753952375
418587,7.431798275933005
418588,8.522878745280337
418589,7.769551078621726
418590,8.096910013008056
418591,7.958607314841775
418592,7.522878745280337
418593,6.430626090384954
418594,7.920818753952375
418595,7.3872161432802645
443852,7.853871964321762
443853,8.67778070526608
443854,7.795880017344075
443855,8.337242168318426
443856,7.619788758288394
443857,7.920818753952375
443858,7.494850021680094
443859,7.522878745280337
443860,7.769551078621726
443861,7.6777807052660805
443862,7.356547323513812
443863,7.795880017344075
443864,7.920818753952375
443865,8.09151498112135
443866,8.193820026016112
443867,8.086186147616283
443868,7.6777807052660805
443869,7.7447274948966935
443870,8.119186407719209
443871,7.795880017344075
443872,7.468521082957745
443873,7.455931955649724
443874,8.0
443875,7.1487416512809245
443876,7.568636235841013
443877,8.236572006437063
443878,7.443697499232712
443879,7.958607314841775
443880,7.638272163982407
443881,7.958607314841775
443882,7.5376020021010435
443883,8.173925197299173
443884,7.638272163982407
443885,6.102372908709558
443886,6.309803919971486
443887,8.744727494896694
443888,8.568636235841012
443889,9.207608310501746
443890,7.161150909262744
443891,8.508638306165727
443892,8.187086643357144
443893,7.795880017344075
443894,8.309803919971486
443895,8.119186407719209
443896,8.154901959985743
443897,8.193820026016112
443898,7.7447274948966935
443899,7.619788758288394
443900,7.823908740944319
443901,7.130768280269024
443902,8.167491087293763
443903,7.173925197299173
443904,8.721246399047171
443905,7.7447274948966935
443906,8.221848749616356
443907,7.721246399047171
443908,7.568636235841013
443909,7.7447274948966935
443910,7.823908740944319
443911,7.5376020021010435
443912,7.0
443913,6.585026652029182
443914,6.823908740944319
443915,7.481486060122112
443916,7.366531544420414
443917,8.337242168318426
443918,7.552841968657781
454058,7.346787486224656
454059,8.522878745280337
454060,7.267606240177032
454061,7.113509274827518
454062,8.301029995663981
454063,7.795880017344075
454064,7.1249387366083
454065,7.142667503568731
454066,8.154901959985743
454067,6.94692155651658
454068,7.638272163982407
454069,7.508638306165727
454070,7.853871964321762
454071,8.154901959985743
454072,7.494850021680094
454073,7.6020599913279625
454074,6.747146969020107
454075,7.7447274948966935
454076,8.397940008672037
454077,7.327902142064283
454078,7.251811972993799
454079,6.806875401645538
454080,7.2839966563652006
454081,6.692503962086787
454082,8.301029995663981
454083,6.835647144215563
454084,6.749579997691106
454085,6.853871964321762
454088,6.707743928643524
454089,7.221848749616356
454090,8.698970004336019
454092,7.638272163982407
454093,7.638272163982407
454094,6.896196279044043
454095,7.3872161432802645
471503,7.638272163982407
471505,7.180456064458132
471507,8.397940008672037
471509,8.221848749616356
471511,8.154901959985743
471513,8.301029995663981
471515,8.397940008672037
471517,8.221848749616356
471519,8.045757490560675
471521,8.522878745280337
471523,8.045757490560675
471525,7.721246399047171
471527,7.657577319177793
471529,9.0
471531,7.886056647693163
471533,9.0
471537,9.0
471539,7.920818753952375
471541,7.721246399047171
471543,7.721246399047171
471545,7.958607314841775
471547,7.6777807052660805
471549,8.096910013008056
471551,8.397940008672037
471553,8.397940008672037
471555,8.698970004336019
471561,7.481486060122112
471565,8.221848749616356
471567,8.096910013008056
471569,7.920818753952375
471571,9.0
471575,8.301029995663981
471581,7.568636235841013
471583,7.7447274948966935
471587,8.221848749616356
471591,8.301029995663981
471593,9.0
471595,9.0
471597,7.6020599913279625
471599,8.522878745280337
471601,8.397940008672037
471603,8.522878745280337
480982,7.346787486224656
480987,7.795880017344075
480988,7.1249387366083
480995,8.154901959985743
480998,6.747146969020107
481006,8.301029995663981
481010,7.508638306165727
502109,6.070581074285707
502121,5.920818753952375
502125,5.7447274948966935
502133,5.657577319177793
502141,5.958607314841775
502145,6.0
502153,5.886056647693163
502177,5.721246399047171
502193,6.0
502459,5.58838029403677
502463,4.675717544702307
502519,5.288192770958809
502523,5.033389013318065
512075,6.180456064458132
512079,6.167491087293763
512083,6.142667503568731
512085,6.552841968657781
512087,5.707743928643524
512089,5.308034897232639
512091,6.031517051446065
512093,4.865504144165326
512095,6.154901959985743
512097,5.00436480540245
512099,5.856985199745905
512101,5.730487055782084
512103,5.366531544420414
512105,5.87942606879415
512107,5.583359492661719
512109,5.254144804826271
512111,5.444905551421681
512113,6.376750709602099
512115,6.508638306165727
512117,6.468521082957745
512121,6.187086643357144
512123,6.5376020021010435
512125,6.522878745280337
512127,6.42021640338319
512129,6.3979400086720375
512131,6.522878745280337
512133,6.494850021680094
512135,6.080921907623926
512137,5.87942606879415
512139,6.3979400086720375
512141,6.259637310505756
512143,6.136677139879544
512147,5.45717457304082
512149,6.173925197299173
512165,5.552841968657781
512167,6.42021640338319
512171,6.292429823902063
512173,6.267606240177032
512175,6.142667503568731
512177,5.661543506395395
512179,5.978810700930062
512181,6.301029995663981
512183,5.721246399047171
512185,6.102372908709558
512187,6.481486060122113
512189,6.040958607678906
512201,6.337242168318426
512203,5.913640169325252
512205,5.718966632752273
512209,5.931814138253839
512213,6.443697499232712
512215,5.876148359032914
512217,6.096910013008056
512221,5.97061622231479
512227,6.173925197299173
512233,6.301029995663981
512235,6.1938200260161125
512237,6.080921907623926
512241,6.154901959985743
512245,6.638272163982407
512255,6.638272163982407
512259,6.508638306165727
512263,6.552841968657781
512271,6.267606240177032
512281,6.853871964321762
512285,5.274905478918531
512287,5.607303046740334
512289,5.3448615651886175
512291,5.913640169325252
512293,5.447331783887806
512295,5.714442690992226
512297,5.826813731587726
512299,5.567030709125595
512301,5.6595558851598815
512303,6.619788758288394
512305,6.2839966563652006
512307,5.534617148551582
512309,5.6307841425898575
512311,5.815308569182402
512313,5.530177984021837
512315,5.521433504406157
512317,5.42021640338319
512319,6.200659450546418
512321,6.6020599913279625
512325,6.6020599913279625
512329,5.739928612014925
512335,6.468521082957745
512339,5.684029654543083
512347,5.987162775294828
512351,6.050609993355087
512355,5.847711655616943
512359,6.187086643357144
512365,6.585026652029182
512367,5.576754126063192
512369,6.187086643357144
512371,6.3872161432802645
512373,6.327902142064283
512377,5.55129368009492
512379,6.376750709602099
512381,5.694648630553377
512383,6.086186147616283
512385,6.275724130399211
512387,6.337242168318426
512395,6.1487416512809245
512399,6.259637310505756
512405,6.337242168318426
512413,5.876148359032914
512417,5.939302159646388
512421,5.61261017366127
512425,5.416801226031377
512429,5.987162775294828
512437,7.0
512447,6.3872161432802645
512451,6.481486060122113
512461,6.0915149811213505
512465,6.292429823902063
512467,5.920818753952375
512469,6.136677139879544
512471,5.565431095965801
512473,6.055517327849832
512475,6.214670164989233
512477,6.2076083105017466
512479,6.102372908709558
512481,6.2076083105017466
512483,6.2839966563652006
512485,6.0915149811213505
512487,6.0655015487564325
512517,5.080921907623926
512521,5.217527375833714
512525,5.013676222949234
512527,4.550675906901273
512529,4.615288257061717
512531,4.37685412536206
512533,4.828566099056991
512535,3.7728849174108747
512537,5.069050968832477
512539,3.974284616098659
512541,4.5550188879120554
512543,4.616903070050906
512545,4.298863933907474
512547,4.623058242853241
512549,4.488383979430862
512551,4.118729496070642
512553,4.400881434944637
512555,5.303643611266668
512557,5.481486060122113
512559,5.100836358522781
512562,5.72445831159869
512610,5.920818753952375
512622,6.585026652029182
512631,5.443697499232712
512634,5.522878745280337
520406,6.920818753952375
520989,7.481486060122112
520992,7.1487416512809245
521407,7.958607314841775
521642,7.455931955649724
521762,7.337242168318426
521764,6.42021640338319
521901,6.619788758288394
521932,5.619788758288394
521964,7.698970004336019
521987,6.42021640338319
522083,7.6020599913279625
522087,7.221848749616356
522091,7.292429823902063
522097,6.376750709602099
522100,6.113509274827518
526237,8.47237009912866
526283,8.280668713016274
526291,8.67778070526608
527779,3.555955204081924
527782,3.4400933749638876
527797,3.0675262353228465
527827,3.2204035087421756
527893,3.1739251972991736
527896,3.090979145788844
527943,3.0277971616209354
527958,3.381951903287907
527979,3.0462403082667713
527982,3.2403321553103694
527999,3.1931419704811823
528005,3.0942041196321313
528008,3.1687703061329366
528578,3.0
528584,3.0
528587,3.2668027348934303
528614,3.0
528638,3.812479279163537
528749,3.0254883072626715
528800,4.008773924307505
528803,3.6363880201078556
528806,3.1791420105603
528833,3.7328282715969863
529012,3.721246399047171
529111,3.0
529114,3.2069083998234196
529174,3.0
529273,3.364516253185088
529441,3.0
529450,3.0
529456,3.0
529459,3.0
529462,3.0
529465,3.0
535950,7.628932137728263
535954,7.826813731587726
535958,8.67778070526608
535966,8.346787486224656
535970,7.8996294548824375
535974,7.503070351926785
535978,7.280668713016273
535982,7.081445469449727
535986,7.580044251510242
535990,7.586700235918748
535994,7.995678626217358
536014,6.892790030352131
536018,7.772113295386326
536022,7.600326278518962
536026,9.522878745280337
536030,8.585026652029182
536042,8.468521082957745
536046,8.346787486224656
536058,8.327902142064282
536074,8.292429823902063
536094,8.769551078621726
536098,8.366531544420413
536102,8.301029995663981
536114,8.1249387366083
536150,7.721246399047171
536174,7.638272163982407
536182,7.276544327964814
536194,8.207608310501746
536362,6.642065152999546
536366,6.772113295386326
536370,6.519993057042849
536374,6.617982957425132
536594,6.920818753952375
547065,9.0
547073,7.826813731587726
547085,8.346787486224656
547093,7.503070351926785
547101,7.081445469449727
547113,7.995678626217358
547149,8.585026652029182
547165,8.346787486224656
547213,8.769551078621726
547221,8.301029995663981
547481,6.642065152999546
547489,6.519993057042849
547493,6.617982957425132
562043,5.686132779630847
562090,7.1249387366083
562093,9.301029995663981
562459,6.823908740944319
562471,6.619788758288394
587040,7.3979400086720375
587044,6.52432881167557
587048,6.3124710387853655
587052,6.85078088734462
587056,6.3260580013659125
587064,7.431798275933005
587068,7.376750709602099
587072,7.309803919971486
587076,5.795608668080701
587080,7.42021640338319
587084,6.798602875679548
587088,6.3124710387853655
587092,6.43533393574791
587096,6.642065152999546
587100,7.00436480540245
587104,6.688246138944246
587108,6.686132779630847
587112,8.096910013008056
587116,7.130768280269024
587120,6.962573502059376
587124,6.896196279044043
587128,7.585026652029182
587132,6.364516253185088
587136,7.00436480540245
587140,6.801342913045577
587144,6.767003889607846
587148,6.603800652904264
587152,5.516983579855868
587156,7.1487416512809245
587164,6.4698003017969175
587168,6.35261702988538
587172,7.721246399047171
587176,6.5718652059712115
587180,6.1220530483708115
587184,6.779891911959945
610832,7.6020599913279625
610856,7.6020599913279625
610858,7.6020599913279625
610866,7.6020599913279625
610868,7.6020599913279625
610876,7.6020599913279625
610882,7.6020599913279625
610890,7.6020599913279625
610898,7.6020599913279625
610900,7.6020599913279625
610902,7.6020599913279625
610908,7.6020599913279625
610912,7.6020599913279625
639004,5.259637310505756
639008,6.259637310505756
639012,7.259637310505756
639016,7.259637310505756
639020,6.259637310505756
639024,7.259637310505756
639028,7.259637310505756
639032,7.259637310505756
639036,7.259637310505756
639040,7.259637310505756
639044,7.259637310505756
639048,6.259637310505756
639056,7.259637310505756
639060,7.259637310505756
639064,7.259637310505756
639068,7.259637310505756
639072,7.259637310505756
639076,5.259637310505756
639080,7.259637310505756
639084,7.259637310505756
639088,7.259637310505756
639092,7.259637310505756
639096,7.259637310505756
639100,7.259637310505756
639104,6.259637310505756
639108,7.259637310505756
639112,7.259637310505756
639116,7.259637310505756
639120,7.259637310505756
639140,7.259637310505756
639152,7.259637310505756
639156,7.259637310505756
639160,7.259637310505756
639168,7.259637310505756
639172,7.259637310505756
639176,5.259637310505756
639180,5.259637310505756
639184,5.259637310505756
639192,5.259637310505756
639196,6.259637310505756
639200,5.259637310505756
639204,7.259637310505756
639208,6.259637310505756
639212,7.259637310505756
639216,6.259637310505756
639220,7.259637310505756
639224,7.259637310505756
639228,7.259637310505756
639232,7.259637310505756
639236,7.259637310505756
639240,7.259637310505756
639244,7.259637310505756
639248,7.259637310505756
639252,7.259637310505756
639256,7.259637310505756
639260,7.259637310505756
639264,7.259637310505756
639268,7.259637310505756
639272,6.259637310505756
639276,7.259637310505756
639280,6.259637310505756
639284,6.259637310505756
639288,7.259637310505756
639292,6.259637310505756
639296,6.259637310505756
639300,6.259637310505756
639304,6.259637310505756
639308,6.259637310505756
639312,7.259637310505756
639316,6.259637310505756
639320,7.259637310505756
639324,7.259637310505756
639328,7.259637310505756
639332,7.259637310505756
639340,7.259637310505756
639344,6.259637310505756
639348,6.259637310505756
639352,7.259637310505756
639356,7.259637310505756
639360,7.259637310505756
639364,7.259637310505756
639368,6.259637310505756
639372,7.259637310505756
639379,6.259637310505756
639387,7.259637310505756
639391,7.259637310505756
639395,7.259637310505756
639399,7.259637310505756
639403,7.259637310505756
639407,7.259637310505756
639411,7.259637310505756
639415,6.259637310505756
639419,6.259637310505756
639423,7.259637310505756
639427,7.259637310505756
639431,5.259637310505756
639435,7.259637310505756
639439,7.259637310505756
639443,6.259637310505756
639447,6.259637310505756
639451,7.259637310505756
639455,7.259637310505756
639459,7.259637310505756
639463,6.259637310505756
639471,7.259637310505756
639475,7.259637310505756
639479,7.259637310505756
639487,7.259637310505756
639495,6.259637310505756
639499,7.259637310505756
639503,6.259637310505756
639507,6.259637310505756
639511,7.259637310505756
639515,7.259637310505756
639519,7.259637310505756
639523,7.259637310505756
639535,7.259637310505756
639539,7.259637310505756
639543,7.259637310505756
639547,7.259637310505756
639551,6.259637310505756
639555,7.259637310505756
639559,7.259637310505756
639563,7.259637310505756
639567,7.259637310505756
639571,7.259637310505756
639575,7.259637310505756
639579,7.259637310505756
639583,7.259637310505756
639587,6.259637310505756
639591,7.259637310505756
639595,7.259637310505756
639599,7.259637310505756
639603,7.259637310505756
639607,7.259637310505756
639611,7.259637310505756
639615,7.259637310505756
639619,7.259637310505756
639623,7.259637310505756
639627,7.259637310505756
639631,7.259637310505756
639635,7.259637310505756
639639,7.259637310505756
639643,7.259637310505756
639651,6.259637310505756
639659,7.259637310505756
639667,7.259637310505756
639671,6.259637310505756
639675,7.259637310505756
639683,7.259637310505756
639687,7.259637310505756
639691,7.259637310505756
639695,7.259637310505756
639699,6.259637310505756
639703,7.259637310505756
639707,7.259637310505756
639711,7.259637310505756
639719,7.259637310505756
639723,7.259637310505756
639727,7.259637310505756
639731,6.259637310505756
639735,6.259637310505756
639739,7.259637310505756
639743,7.259637310505756
639747,7.259637310505756
639751,7.259637310505756
639755,6.259637310505756
639759,7.259637310505756
639763,7.259637310505756
639767,6.259637310505756
639771,6.259637310505756
639775,6.259637310505756
639783,7.259637310505756
639787,6.259637310505756
639791,6.259637310505756
639799,7.259637310505756
639803,7.259637310505756
639807,7.259637310505756
639811,6.259637310505756
639815,7.259637310505756
639819,6.259637310505756
639827,7.259637310505756
639831,7.259637310505756
639835,6.259637310505756
639839,7.259637310505756
639843,6.259637310505756
639847,7.259637310505756
639851,6.259637310505756
639859,6.259637310505756
639863,6.259637310505756
639867,7.259637310505756
646604,6.950781977329818
646608,6.43533393574791
646612,6.85078088734462
646616,7.096910013008056
646620,6.701146923590294
646624,6.127843727251707
646628,6.068033885271827
646632,6.375717904164332
646636,5.471726222832956
646640,6.480172006224281
646644,6.39577394691553
646648,6.460923901207224
646652,6.36251027048749
646656,6.505845405981557
646660,6.302770657240282
646664,7.173925197299173
646668,6.329754146925876
646672,6.716698771296451
646676,6.1938200260161125
646680,5.08873582900163
646688,5.6724367398127225
646692,6.396855627379818
646696,6.853871964321762
646700,6.935542010773082
646704,6.423658649794207
646708,6.4723700991286615
646712,6.164943898279883
646716,5.854492828590337
646720,5.633017024022149
646724,5.931443104927637
646728,6.723538195826756
646732,6.554395796726403
646736,5.609241471261283
646740,5.546375926408549
646744,6.068542129310995
646748,7.0
646752,6.279014255846261
646756,6.581698708680254
646760,5.6006724678413216
646764,6.211831628858833
646768,5.466227941615282
646772,7.013228265733755
646776,5.90622821850127
646780,6.425968732272281
646784,7.5376020021010435
646788,6.655607726314889
646792,6.404503778174426
646796,5.971022294791222
646800,6.085656842880559
646804,6.627087997029894
646808,6.798602875679548
646812,7.356547323513812
646816,5.857923538926715
646820,6.0675262353228465
646824,6.494850021680094
646828,6.651695136951839
646836,6.011887159731648
646844,5.243896628414895
646848,5.812197361281581
646852,6.343901797987168
646856,6.82102305270683
646860,6.769551078621726
646864,6.1605219526258015
646868,5.889747082646597
646872,5.830913642512977
646876,6.185086818724926
646880,6.336299074610352
646884,6.391473966422806
646888,6.360513510731414
646896,6.325138859262188
646900,7.6777807052660805
646904,6.809668301829708
646908,7.173925197299173
646912,6.269217724333611
646916,5.747875447494356
646920,6.048662481204082
646924,7.187086643357144
646928,7.119186407719209
646932,6.289882634888183
646936,6.578396073130169
646940,6.185752404268079
646944,5.946153573147748
646948,6.642065152999546
646952,5.572513890904214
646956,5.7251496799833355
646960,6.8326826652518236
646964,6.407823242604133
646968,5.371304617285976
646972,5.536405597812999
646976,5.162916849176814
646980,5.460296761052175
646984,5.504872118757067
646988,5.214670164989233
646992,5.026318081496016
646996,6.752026733638194
647000,5.826522356547005
647004,5.631341287607773
647008,6.341988603342887
647012,5.6548223834572955
647016,5.517555208081735
647020,5.1043012730406945
647024,5.731656086048935
647028,5.480303232840147
647032,5.7187393129449875
647036,6.3448615651886175
648760,4.443697499232712
648762,5.1249387366083
648764,4.013228265733755
648766,5.267606240177032
648768,4.6777807052660805
648770,4.795880017344075
648772,6.080921907623926
648774,6.481486060122113
648776,6.070581074285707
648778,6.086186147616283
648782,6.366531544420414
648784,5.481486060122113
648786,5.638272163982407
648788,4.6020599913279625
648790,4.167491087293763
648792,4.522878745280337
648794,5.481486060122113
648796,5.236572006437063
648798,6.431798275933005
648802,6.221848749616356
648804,6.102372908709558
648806,5.920818753952375
648808,6.318758762624412
648810,6.327902142064283
648812,5.494850021680094
648814,6.309803919971486
648816,6.698970004336019
648818,6.031517051446065
648820,5.823908740944319
648822,5.698970004336019
648824,5.769551078621726
648826,5.823908740944319
648828,5.769551078621726
648830,5.958607314841775
648832,5.327902142064283
648834,5.42021640338319
648836,5.6777807052660805
648838,4.795880017344075
648840,5.7447274948966935
648848,5.769551078621726
648850,5.318758762624412
648852,6.376750709602099
648854,6.468521082957745
648856,5.657577319177793
648858,4.7447274948966935
648860,6.5376020021010435
648862,5.886056647693163
648864,5.920818753952375
648866,6.3872161432802645
648868,6.721246399047171
648870,6.2076083105017466
648876,6.275724130399211
648880,6.1487416512809245
648882,6.3872161432802645
648884,5.958607314841775
648886,6.3872161432802645
648888,6.267606240177032
648890,5.795880017344075
648894,6.494850021680094
648896,6.366531544420414
648898,6.552841968657781
648900,5.2441251443275085
648902,6.214670164989233
648904,6.267606240177032
648908,6.346787486224656
648910,6.5376020021010435
648912,6.167491087293763
648914,5.6777807052660805
648916,5.638272163982407
648918,5.356547323513812
648920,6.318758762624412
648922,6.036212172654444
648928,6.259637310505756
648930,5.585026652029182
648932,5.376750709602099
648934,5.119186407719209
648936,6.022276394711152
648938,5.3872161432802645
648940,3.9318141382538383
648942,5.136677139879544
648944,4.987162775294828
648946,5.2441251443275085
648948,4.318758762624412
648950,6.161150909262744
648952,4.795880017344075
648954,6.522878745280337
648956,6.356547323513812
648958,6.275724130399211
648960,6.292429823902063
648962,6.552841968657781
648964,6.301029995663981
648966,6.180456064458132
648968,6.154901959985743
648972,6.3979400086720375
648974,6.443697499232712
648976,6.318758762624412
648978,6.301029995663981
648982,5.958607314841775
648986,5.920818753952375
648988,6.508638306165727
648992,6.481486060122113
649008,6.5376020021010435
649014,5.6020599913279625
649022,6.431798275933005
649024,5.481486060122113
649026,5.494850021680094
649028,5.443697499232712
649038,6.180456064458132
649042,6.366531544420414
649044,6.161150909262744
649046,6.167491087293763
649048,6.356547323513812
649050,6.229147988357855
649052,5.7447274948966935
649054,5.1938200260161125
649056,6.301029995663981
649068,6.443697499232712
649070,6.346787486224656
649074,5.585026652029182
649076,6.055517327849832
649090,5.6020599913279625
649096,5.0655015487564325
649098,6.468521082957745
649100,6.022276394711152
649102,5.769551078621726
649104,5.259637310505756
649106,6.0
649114,5.0655015487564325
649116,6.508638306165727
649118,5.522878745280337
649120,5.657577319177793
649122,3.9136401693252516
649126,4.886056647693163
649128,3.279840696594043
649130,4.721246399047171
649132,4.853871964321762
649134,4.3979400086720375
649136,4.508638306165727
649138,3.94692155651658
649140,4.259637310505756
649142,4.221848749616356
649144,4.657577319177793
649146,3.1804560644581312
649148,3.0268721464003012
649158,4.958607314841775
649160,4.958607314841775
649162,4.481486060122112
649164,4.886056647693163
649166,5.6020599913279625
649168,5.522878745280337
649170,5.187086643357144
649172,5.3979400086720375
649174,4.508638306165727
649176,4.508638306165727
649178,4.657577319177793
649180,5.154901959985743
649186,5.2839966563652006
649188,5.638272163982407
649190,5.638272163982407
649192,5.5376020021010435
649194,6.086186147616283
649196,5.823908740944319
649198,5.657577319177793
649200,6.431798275933005
649202,6.3872161432802645
649204,5.795880017344075
649206,6.327902142064283
649208,6.292429823902063
649210,6.4089353929735005
649214,6.214670164989233
649216,5.3979400086720375
649218,6.0655015487564325
649220,6.494850021680094
649222,5.853871964321762
649228,5.468521082957745
649230,5.356547323513812
649232,5.657577319177793
649234,5.318758762624412
649236,5.721246399047171
649238,5.443697499232712
649240,5.443697499232712
649242,5.795880017344075
649244,5.494850021680094
649246,5.443697499232712
649248,5.853871964321762
649250,6.568636235841013
649252,5.958607314841775
649254,5.795880017344075
649256,6.075720713938118
649260,6.142667503568731
649262,5.958607314841775
649264,5.229147988357856
649266,5.42021640338319
649268,5.5376020021010435
649270,5.638272163982407
649274,6.318758762624412
649276,6.292429823902063
649280,6.6020599913279625
649284,6.008773924307505
649286,6.036212172654444
649288,6.142667503568731
649292,6.619788758288394
649294,6.376750709602099
649298,6.823908740944319
649300,6.769551078621726
649304,5.886056647693163
649308,6.6020599913279625
649316,6.142667503568731
649324,6.3872161432802645
649328,4.853871964321762
649330,4.7447274948966935
649336,6.431798275933005
649352,6.3872161432802645
649354,6.292429823902063
649356,6.6777807052660805
649360,6.853871964321762
649376,7.070581074285707
649386,5.468521082957745
649392,6.42021640338319
649394,5.568636235841013
649402,6.2441251443275085
649404,6.4089353929735005
649406,6.552841968657781
649408,6.42021640338319
649410,6.7447274948966935
649412,5.455931955649724
649416,4.769551078621726
649418,6.455931955649724
649420,5.481486060122113
649422,4.481486060122112
649424,6.292429823902063
649426,4.769551078621726
689939,6.1249387366083
689941,6.522878745280337
689942,6.522878745280337
689945,6.1249387366083
689947,6.522878745280337
689949,6.522878745280337
689950,6.1249387366083
689951,6.522878745280337
689953,6.522878745280337
689954,6.522878745280337
689955,6.522878745280337
689956,6.522878745280337
689957,6.1249387366083
689959,6.522878745280337
689961,6.522878745280337
689968,6.522878745280337
689969,6.522878745280337
689970,6.522878745280337
689971,6.522878745280337
689976,6.522878745280337
689978,6.522878745280337
689982,6.522878745280337
689983,6.1249387366083
689985,6.522878745280337
689986,6.522878745280337
689988,6.522878745280337
689990,6.522878745280337
689992,6.522878745280337
689994,6.522878745280337
689997,6.522878745280337
690000,6.522878745280337
690004,6.522878745280337
690005,6.522878745280337
690006,6.522878745280337
690007,6.522878745280337
690008,6.522878745280337
690013,6.522878745280337
690016,6.522878745280337
690018,6.522878745280337
690020,6.522878745280337
690021,6.522878745280337
690022,6.1249387366083
690023,6.522878745280337
690026,6.522878745280337
690027,6.522878745280337
690030,6.522878745280337
690031,6.522878745280337
690032,6.522878745280337
690033,6.522878745280337
690034,6.1249387366083
690035,6.522878745280337
690037,6.1249387366083
690038,6.522878745280337
690039,6.522878745280337
690040,6.1249387366083
690047,6.522878745280337
690048,6.522878745280337
690049,6.522878745280337
690052,6.522878745280337
690054,6.1249387366083
690056,6.522878745280337
690058,6.522878745280337
690059,6.1249387366083
690060,6.1249387366083
690066,6.522878745280337
690067,6.1249387366083
690068,6.522878745280337
690069,6.1249387366083
690070,6.1249387366083
690071,6.1249387366083
690072,6.522878745280337
690075,6.522878745280337
690076,6.522878745280337
690077,6.522878745280337
690078,6.522878745280337
690079,6.522878745280337
690080,6.522878745280337
690081,6.522878745280337
690082,6.522878745280337
690083,6.522878745280337
690084,6.522878745280337
690086,6.522878745280337
690088,6.522878745280337
690090,6.1249387366083
690091,6.522878745280337
690092,6.522878745280337
690093,6.522878745280337
690094,6.522878745280337
690100,6.1249387366083
690102,6.1249387366083
690103,6.1249387366083
690104,6.522878745280337
690105,6.1249387366083
690107,6.522878745280337
690111,6.1249387366083
690118,6.522878745280337
690122,6.1249387366083
690124,6.522878745280337
690125,6.522878745280337
690126,6.522878745280337
690128,6.522878745280337
690129,6.522878745280337
690131,6.522878745280337
690132,6.522878745280337
690133,6.522878745280337
690134,6.522878745280337
690136,6.1249387366083
690138,6.522878745280337
705907,4.301029995663981
705912,4.749824051916075
716358,6.259637310505756
716426,7.259637310505756
716470,7.259637310505756
716489,6.259637310505756
716498,6.259637310505756
716501,6.259637310505756
716504,6.259637310505756
716510,6.259637310505756
716513,6.259637310505756
716525,6.259637310505756
716529,6.259637310505756
716533,7.259637310505756
716543,7.259637310505756
716546,6.259637310505756
716550,6.259637310505756
716554,6.259637310505756
716572,7.259637310505756
716593,6.259637310505756
716596,6.259637310505756
716599,6.259637310505756
716602,6.259637310505756
716608,6.259637310505756
716614,6.259637310505756
716617,6.259637310505756
716620,6.259637310505756
716639,6.259637310505756
716642,6.259637310505756
716645,8.259637310505756
716656,6.259637310505756
716659,6.259637310505756
716662,6.259637310505756
716671,6.259637310505756
716674,6.259637310505756
716677,6.259637310505756
716680,6.259637310505756
716692,7.259637310505756
716695,7.259637310505756
716698,6.259637310505756
716701,7.259637310505756
716704,6.259637310505756
716707,7.259637310505756
716710,6.259637310505756
716713,6.259637310505756
716716,6.259637310505756
716719,7.259637310505756
716722,7.259637310505756
716725,6.259637310505756
716728,6.259637310505756
716734,6.259637310505756
716737,6.259637310505756
716743,6.259637310505756
716746,6.259637310505756
716749,6.259637310505756
744955,7.892790030352131
744957,6.661543506395395
744963,8.096910013008056
744967,8.301029995663981
744969,7.35261702988538
744971,7.795880017344075
744973,8.130768280269024
744975,6.847711655616943
744981,7.458420756053419
745065,8.065501548756432
745095,7.896196279044043
745167,7.94692155651658
745168,7.661543506395395
745169,8.050609993355087
745170,8.045757490560675
745171,7.4179366370882915
747557,6.343901797987168
748018,6.20690839982342
748366,6.0
760539,6.187086643357144
760543,6.187086643357144
760551,6.187086643357144
760553,6.187086643357144
773210,7.698970004336019
773211,7.795880017344075
773212,6.866461091629782
773215,6.847711655616943
774654,9.221848749616356
781184,7.6020599913279625
781186,7.924453038607469
781188,7.219682687859849
781190,7.400116927926312
781196,6.309803919971486
781198,8.600326278518962
781200,6.661543506395395
781202,7.423658649794207
781204,7.443697499232712
781242,10.096910013008056
781258,8.55129368009492
781260,9.537602002101044
781262,7.557520230935552
781264,7.236572006437063
781266,8.785156151952302
781268,9.060480747381382
781272,7.645891560852599
781294,8.068033885271827
781296,7.361510743045363
781300,8.645891560852599
781312,8.790484985457368
781326,7.896196279044043
781334,8.492144128304169
781336,9.366531544420413
781360,8.67366413907125
781362,8.896196279044043
781364,8.91721462968355
781366,8.428291168191313
781370,7.665546248849069
781374,9.769551078621726
781378,10.301029995663981
781380,8.806875401645538
781414,9.259637310505756
781416,9.00436480540245
781420,9.638272163982407
781424,9.229147988357855
781434,9.00436480540245
781436,8.913640169325252
781438,8.866461091629782
781440,9.119186407719209
781446,9.292429823902063
781448,9.318758762624412
781450,9.337242168318426
781452,8.43297363384094
781454,8.567030709125595
781456,7.428291168191312
781458,7.515700160653214
781460,8.649751981665837
781462,8.450996737974211
781464,8.97061622231479
781466,9.008773924307505
781468,9.167491087293763
781470,8.860120913598763
781472,8.97061622231479
781474,8.8153085691824
781476,8.995678626217357
781480,8.821023052706831
781494,8.913640169325252
781496,8.698970004336019
781498,8.530177984021837
781500,9.075720713938118
781506,10.0
781508,9.167491087293763
781556,10.045757490560675
781560,9.769551078621726
781562,9.585026652029182
781564,8.735182176990463
781566,9.022276394711152
781568,9.244125144327509
781570,9.327902142064282
781572,9.221848749616356
781578,9.236572006437063
781586,9.2839966563652
781588,9.522878745280337
781590,9.18045606445813
781596,9.481486060122112
781598,8.94692155651658
781604,9.275724130399212
781612,9.318758762624412
781614,9.698970004336019
781652,8.522878745280337
781654,8.638272163982407
781656,8.531652669587842
781668,9.221848749616356
781672,9.00436480540245
781682,7.777283528852417
781684,7.097453220686009
781686,7.6307841425898575
781688,6.886056647693163
781690,7.0
781692,6.458420756053419
781694,7.373659632624958
781696,6.764471553092451
781698,8.649751981665837
781700,8.0195421077239
781702,8.614393726401687
781704,7.91721462968355
781706,9.10790539730952
781708,9.075720713938118
781710,8.853871964321762
781712,8.853871964321762
781718,8.498940737782249
781720,10.096910013008056
781722,10.301029995663981
781724,8.628932137728263
781794,9.221848749616356
781800,8.721246399047171
781926,8.41793663708829
781928,8.25649023527157
781960,9.0268721464003
781968,7.0726296369609765
781970,8.756961951313706
781972,7.703334809738469
781974,8.596879478824182
781976,6.991399828238082
781978,5.991399828238082
781980,8.657577319177793
781982,7.414539270491499
782006,8.231361898752386
782024,6.22767829327708
782026,7.91721462968355
782036,8.749579997691106
782046,9.207608310501746
782048,9.080921907623926
782078,10.397940008672037
782082,9.721246399047171
782084,8.87942606879415
782086,8.647817481888637
782118,8.602059991327963
782120,8.94692155651658
782122,4.940436582098732
782124,6.455931955649724
782126,5.856985199745905
782128,6.468521082957745
782130,6.823908740944319
782132,6.6777807052660805
782136,6.657577319177793
782140,6.6777807052660805
782142,6.468521082957745
782144,6.522878745280337
782146,6.6777807052660805
782148,6.3872161432802645
782150,6.568636235841013
782152,5.297569463554475
782154,5.598599459218456
782156,6.886056647693163
782162,6.552841968657781
782164,4.673664139071248
782166,6.161150909262744
782168,4.8326826652518236
782170,5.464705879957229
782172,5.671620396561262
782174,4.216596718877437
782178,5.228412519118745
782180,5.3325470471100465
782182,6.017728766960431
782184,5.675717544702307
782186,7.045757490560675
782188,5.928117992693875
782190,6.795880017344075
782204,6.886056647693163
782208,6.7447274948966935
782220,7.045757490560675
782224,6.958607314841775
782228,6.853871964321762
782232,6.853871964321762
782240,6.229147988357855
782242,6.522878745280337
782250,6.585026652029182
782252,6.795880017344075
782254,5.71669877129645
782256,5.73754891026957
782258,6.522878745280337
782260,6.187086643357144
782264,6.698970004336019
782268,6.2839966563652006
782274,6.769551078621726
782278,7.096910013008056
782280,6.823908740944319
782300,6.3979400086720375
782304,6.721246399047171
782316,6.769551078621726
782322,7.301029995663981
782324,6.050609993355087
782326,6.795880017344075
782328,6.4089353929735005
782336,7.221848749616356
782340,5.128427064454121
782342,4.8623294627632445
782346,4.834755673874689
796230,6.114638779968488
796233,6.045275209020937
796236,6.621602099051862
796239,6.115204636051019
799899,7.903089986991944
799901,7.903089986991944
799903,7.903089986991944
799907,7.903089986991944
799911,7.903089986991944
799913,7.903089986991944
799915,7.6020599913279625
799935,7.6020599913279625
800011,7.903089986991944
800013,7.6020599913279625
800017,7.903089986991944
800019,7.903089986991944
800029,7.903089986991944
800085,7.903089986991944
800087,7.903089986991944
800101,7.903089986991944
800173,7.903089986991944
800179,7.903089986991944
800185,7.903089986991944
800187,7.903089986991944
800219,7.903089986991944
800239,7.6020599913279625
800251,7.903089986991944
800261,7.6020599913279625
800273,7.6020599913279625
800275,7.903089986991944
800277,7.903089986991944
800311,7.903089986991944
800315,7.903089986991944
800321,7.6020599913279625
800325,7.903089986991944
800327,7.903089986991944
800339,7.6020599913279625
800389,7.903089986991944
800393,7.903089986991944
800395,7.903089986991944
800405,7.6020599913279625
800423,7.903089986991944
800465,7.903089986991944
800473,7.903089986991944
800499,7.903089986991944
800577,7.903089986991944
800583,7.903089986991944
800595,7.903089986991944
800615,7.903089986991944
800653,7.903089986991944
800655,7.903089986991944
800657,7.903089986991944
800659,7.903089986991944
800661,7.903089986991944
800663,7.6020599913279625
800665,7.903089986991944
800673,7.903089986991944
811138,6.0655015487564325
811141,5.96818772866963
818041,6.259637310505756
818055,6.259637310505756
820656,8.337242168318426
820660,8.823908740944319
820664,8.292429823902063
820668,8.721246399047171
820672,8.698970004336019
820676,8.795880017344075
820680,8.698970004336019
822921,7.136677139879544
822925,6.640164517660112
822929,6.309803919971486
822933,7.85078088734462
822937,7.7544873321858505
822941,7.982966660701219
822945,8.97061622231479
822949,8.447331783887806
822953,9.050609993355087
822961,7.430626090384954
822965,7.8326826652518236
822969,7.421360790031928
822973,8.050122295963126
822977,7.200659450546418
822981,6.655607726314889
822985,8.505845405981557
822989,5.931443104927637
822997,7.528708288941061
823001,6.853871964321762
823005,6.958607314841775
826236,6.327902142064283
826239,6.318758762624412
826242,6.070581074285707
826245,5.886056647693163
826248,6.366531544420414
826251,6.481486060122113
826254,6.366531544420414
826257,6.055517327849832
826259,6.180456064458132
826262,6.060480747381382
826265,6.309803919971486
826268,5.920818753952375
826271,6.346787486224656
826274,6.0
826277,5.958607314841775
826280,6.221848749616356
826285,6.779891911959945
826288,5.61261017366127
829576,8.154901959985743
829587,8.301029995663981
829589,6.749579997691106
829593,6.707743928643524
829597,7.638272163982407
829600,7.3872161432802645
840938,5.854492828590337
840942,5.633017024022149
841074,6.343901797987168
841102,6.336299074610352
841122,7.6777807052660805
841126,6.809668301829708
841158,6.578396073130169
841170,6.642065152999546
841182,6.8326826652518236
841230,6.341988603342887
843884,9.221848749616356
843888,8.065501548756432
843892,9.0
843896,8.207608310501746
843900,8.18045606445813
843904,8.67778070526608
843908,8.853871964321762
843912,8.2518119729938
843916,8.154901959985743
843920,8.18045606445813
843924,8.187086643357144
843928,8.795880017344075
843932,8.0268721464003
901532,7.522878745280337
901598,7.522878745280337
901800,7.522878745280337
918548,7.522878745280337
918550,7.522878745280337
923988,4.6221475809932455
935640,5.522878745280337
935688,5.522878745280337
935696,5.522878745280337
935720,5.522878745280337
935736,6.1249387366083
935744,6.1249387366083
939090,7.259637310505756
939350,6.259637310505756
939365,6.259637310505756
939457,7.259637310505756
939613,7.259637310505756
939617,7.259637310505756
939733,7.259637310505756
939797,7.259637310505756
939801,6.259637310505756
939813,7.259637310505756
939821,7.259637310505756
939849,7.259637310505756
947114,6.97061622231479
947128,6.327902142064283
947130,6.806875401645538
947140,6.590066876668706
947166,7.6307841425898575
947168,7.373659632624958
947170,6.555955204081924
947196,6.367542707815276
947200,6.3788237182249645
947222,6.1555228242543185
947228,6.2403321553103694
947258,6.156144577376839
947260,6.060980223551334
947262,6.176525770829699
947280,6.3260580013659125
947348,6.11975822410452
947380,7.115204636051019
947402,6.280668713016273
947428,6.11975822410452
947520,6.173925197299173
947522,6.258848401148215
947536,6.350665141287858
947542,6.176525770829699
947552,6.507239610973162
947554,6.377785977033705
947556,6.210419287835575
947558,6.30189945437661
948053,9.301029995663981
948056,9.0
948059,9.096910013008056
948062,9.0
948065,9.301029995663981
948068,9.154901959985743
948071,9.301029995663981
948074,9.154901959985743
948077,9.154901959985743
948080,9.301029995663981
948083,9.0
948086,9.301029995663981
948089,9.0
948092,9.301029995663981
948095,9.0
948098,9.154901959985743
948101,9.221848749616356
948104,9.221848749616356
948107,9.522878745280337
948110,9.301029995663981
948113,9.0
948116,9.154901959985743
948119,9.0
948122,9.0
948125,9.221848749616356
948128,8.397940008672037
948131,9.154901959985743
948137,8.397940008672037
948146,9.221848749616356
948152,9.698970004336019
948155,8.698970004336019
948158,9.301029995663981
948161,9.0
948167,9.096910013008056
948170,9.096910013008056
948173,9.0
948176,9.0
948179,9.154901959985743
948185,9.0
948188,8.522878745280337
948191,8.397940008672037
948194,8.698970004336019
948197,8.0
948200,8.522878745280337
948203,8.698970004336019
948206,9.0
948209,9.301029995663981
948215,7.920818753952375
948218,8.154901959985743
948224,8.698970004336019
948227,8.522878745280337
948230,8.154901959985743
948233,8.0
948236,9.0
948239,8.522878745280337
948242,8.522878745280337
948245,8.698970004336019
948248,9.522878745280337
948251,8.301029995663981
948254,9.0
948257,8.522878745280337
948260,8.522878745280337
948263,8.698970004336019
948266,9.0
948269,8.698970004336019
948272,9.0
948275,8.397940008672037
948278,9.0
948281,8.698970004336019
948284,9.301029995663981
948287,9.0
948290,9.0
948293,9.0
948296,8.698970004336019
948299,8.698970004336019
948302,9.0
948305,9.0
948308,8.522878745280337
948311,9.0
948314,9.0
948317,9.0
948320,9.0
948326,9.0
948329,8.522878745280337
948332,9.0
948335,8.522878745280337
948338,9.0
948341,9.0
948344,8.698970004336019
948347,8.045757490560675
948350,8.698970004336019
948353,9.0
948356,8.698970004336019
948359,9.0
948365,8.301029995663981
948368,9.0
954046,8.26121944151563
954052,8.013228265733755
954054,8.517126416391246
955134,9.154901959985743
955142,6.721246399047171
955146,5.568636235841013
955150,6.619788758288394
955154,7.522878745280337
975113,6.301029995663981
975145,6.43533393574791
975213,6.489454989793388
987518,6.665546248849069
991952,6.628932137728263
991956,6.8326826652518236
991960,7.022276394711152
991964,6.962573502059376
991968,6.950781977329818
991972,6.527243550682788
991976,6.583359492661719
991980,6.5718652059712115
991984,6.573488738635425
991988,6.507239610973162
991992,6.471083299722345
991996,6.534617148551582
992000,6.739928612014925
992004,7.443697499232712
992008,6.995678626217358
992012,6.924453038607469
992016,6.777283528852417
992020,6.716698771296451
992024,7.05700040663396
992028,7.139063379299906
992032,6.3851027839668655
992036,6.178486471595227
1000474,5.508638306165727
1000475,5.657577319177793
1000476,5.075720713938118
1000477,6.259637310505756
1000478,5.180456064458132
1000479,6.236572006437063
1000480,4.769551078621726
1000481,5.318758762624412
1000482,5.6777807052660805
1000483,6.075720713938118
1000484,5.721246399047171
1000485,6.045757490560675
1000486,6.036212172654444
1000487,5.346787486224656
1000488,6.180456064458132
1000489,5.267606240177032
1000490,5.823908740944319
1000491,5.522878745280337
1000492,5.619788758288394
1000493,4.638272163982407
1000494,5.6777807052660805
1000495,6.050609993355087
1000497,5.769551078621726
1000498,5.337242168318426
1000499,4.886056647693163
1000500,5.00436480540245
1000502,5.267606240177032
1018218,6.241088107602026
1018338,7.214670164989233
1018342,6.252588192113577
1018346,6.823908740944319
1018350,6.441291429466834
1018354,6.559090917934782
1018358,6.041436116778033
1018362,6.257274868695301
1018366,5.99097425791309
1018370,6.094204119632131
1018374,6.876148359032914
1018378,6.442492798094342
1018382,6.349692476868063
1018386,6.324221658325915
1018390,6.636388020107856
1018394,6.939302159646388
1018398,6.866461091629782
1018402,6.533132379645891
1018406,7.080921907623926
1018410,6.645891560852599
1018414,6.87942606879415
1018418,6.33161408331
1018422,6.823908740944319
1018426,6.173925197299173
1018430,6.575118363368933
1018434,6.497572880015567
1018438,6.232844133917819
1018442,6.324221658325915
1018446,6.243363891754152
1018450,6.281498311132726
1018454,5.632644078973981
1018458,5.53820144247489
1018462,5.933674074637962
1018466,6.333482019445119
1018470,5.833273944419949
1018474,5.6020599913279625
1018478,6.199282921717615
1018482,5.975104039892515
1018486,6.249491605148654
1018490,5.863913902615902
1018494,5.885389015767827
1018498,5.890421453095613
1018502,5.626536278367631
1018506,5.981715691573469
1018510,6.012780770091995
1018514,5.619607839942972
1018518,5.768020973168496
1018522,5.478338984887927
1018530,6.341988603342887
1018534,5.828858848971618
1018538,5.988006885340743
1018542,6.016373712875465
1018546,5.583692412940118
1018550,5.736837535037783
1018554,5.621057301386562
1018558,6.205511953340831
1018562,6.078313524516398
1018566,6.285670240254767
1018570,6.247183568811728
1018574,5.899974269892137
1018578,5.94692155651658
1018582,5.684449465578095
1018586,6.255707016877324
1018590,6.530177984021837
1018594,6.297569463554475
1018598,6.382999658879101
1018602,6.454692883534176
1018606,5.763714722551971
1018610,6.281498311132726
1018614,5.996108833763089
1018618,5.667359589612538
1018622,5.633763876281707
1018626,5.705313375720556
1018630,6.24184537803261
1018634,6.334419008982047
1018638,6.642065152999546
1018642,7.221848749616356
1018646,5.6311554931741785
1018650,5.8887374863409345
1018654,5.632457726479423
1018658,5.80576325127617
1018662,6.3325470471100465
1018666,5.690369832574101
1018670,6.221125527997261
1018674,5.779368980551908
1018678,6.767003889607846
1018682,5.945386945443112
1018686,5.984221243610959
1018690,6.790484985457369
1018694,6.6020599913279625
1018698,6.935542010773082
1018702,6.59176003468815
1018706,6.610833915635467
1018710,6.496209316942819
1018714,6.218963061378868
1018718,7.568636235841013
1018722,5.491335636947057
1018726,5.773142429711276
1018730,6.003926345514724
1018734,5.675717544702307
1018738,6.452225294612178
1018742,6.351639989019068
1018750,5.770830297460899
1018754,6.230622673923861
1018758,6.153662887870195
1018762,7.161150909262744
1018766,6.6307841425898575
1018770,5.96617430604669
1018774,5.878112014896319
1018778,6.36251027048749
1018782,6.886056647693163
1018786,6.273272790973428
1018790,6.051587034221399
1018794,6.804100347590766
1018798,6.1732774798310075
1018802,6.120330794367947
1018806,6.728158393463501
1018810,5.947690900352677
1018814,6.675717544702307
1018818,6.58838029403677
1018822,9.769551078621726
1018826,6.939302159646388
1018830,8.42021640338319
1018834,8.91721462968355
1018838,8.73754891026957
1018842,8.643974142806877
1018846,6.7594507517174005
1018850,6.58838029403677
1018854,9.065501548756432
1018858,7.180456064458132
1018862,6.016373712875465
1018866,6.723538195826756
1018870,8.636388020107855
1018874,6.076755981369724
1018878,6.400116927926312
1018886,6.94692155651658
1018890,6.423658649794207
1018894,6.164309428507575
1018902,6.447331783887806
1018906,6.46344155742847
1018910,6.882728704344236
1018914,6.286509456906058
1018918,6.510041520575165
1018922,6.785156151952302
1018926,6.838631997765025
1018930,6.019996628416254
1018934,6.280668713016273
1018938,6.246416941107094
1018942,6.333482019445119
1018946,8.954677021213342
1018950,6.209714835966758
1018954,6.20342566678957
1018958,6.512861624522813
1018962,6.498940737782249
1018966,6.764471553092451
1018970,6.374687549038326
1018974,6.8297382846050425
1018978,6.350665141287858
1018982,7.1938200260161125
1018986,6.7121982700697735
1018990,6.33913452199613
1018994,6.627087997029894
1018998,6.623423042943488
1019002,6.728158393463501
1019006,6.607303046740334
1019010,8.910094888560602
1019014,6.5951662833800615
1019018,6.303643611266668
1019022,6.283162276700476
1019026,6.138465589140962
1019030,6.809668301829708
1019034,6.241088107602026
1019038,6.647817481888637
1019042,6.728158393463501
1019046,6.405607449624573
1019050,9.481486060122112
1019054,8.892790030352131
1019058,9.619788758288394
1019062,6.798602875679548
1019066,6.665546248849069
1019070,9.769551078621726
1019074,7.036212172654444
1019078,6.1090204030103115
1019082,10.301029995663981
1019086,6.866461091629782
1019094,6.554395796726403
1019098,7.0915149811213505
1019102,9.744727494896694
1019106,9.275724130399212
1019110,6.189095719331299
1019114,6.048662481204082
1019118,9.958607314841775
1019122,8.84163750790475
1019126,8.832682665251824
1019130,6.950781977329818
1019134,6.0851281824599495
1019138,6.7121982700697735
1019142,9.638272163982407
1019146,6.692503962086787
1019150,10.0
1019158,8.886056647693163
1019162,10.154901959985743
1019166,6.935542010773082
1019170,6.966576244513051
1019174,8.818156412055227
1019178,9.468521082957745
1019182,6.1944991418416
1019186,6.221125527997261
1019190,6.238824186844268
1019194,9.013228265733755
1019198,6.815308569182402
1019202,9.10790539730952
1019206,6.303643611266668
1019210,9.823908740944319
1019214,6.882728704344236
1019222,6.52432881167557
1019226,8.560667306169737
1019230,6.298432014944073
1019234,6.448550002027125
1019238,6.4736607226101555
1019242,6.675717544702307
1019246,6.605548319173784
1019250,6.189767482004916
1019254,6.892790030352131
1019258,7.214670164989233
1019262,6.924453038607469
1019266,7.366531544420414
1024563,5.325965999568745
1024567,5.704652851666382
1024571,5.5398541825082495
1024575,6.321481620959886
1024579,6.122628654130226
1024583,7.113509274827518
1024587,5.501965276312973
1024823,6.011887159731648
1024851,6.1605219526258015
1026064,8.366531544420413
1026068,9.221848749616356
1026072,9.301029995663981
1026076,9.522878745280337
1026084,9.096910013008056
1026088,8.036212172654444
1026092,8.148741651280925
1026096,8.744727494896694
1026100,8.4089353929735
1026104,8.920818753952375
1026108,8.920818753952375
1026112,8.346787486224656
1026116,7.452225294612178
1026120,8.619788758288394
1026124,8.920818753952375
1026136,8.853871964321762
1026140,8.309803919971486
1026144,8.327902142064282
1026148,8.214670164989233
1026152,8.537602002101044
1026156,8.619788758288394
1026160,8.136677139879543
1026164,8.18045606445813
1026168,8.259637310505756
1026176,8.638272163982407
1026184,8.443697499232712
1026188,9.096910013008056
1026192,8.337242168318426
1026200,8.275724130399212
1026204,9.0
1026208,9.397940008672037
1026212,7.61261017366127
1026216,8.292429823902063
1026220,8.267606240177031
1026224,8.214670164989233
1026228,7.838631997765025
1026232,8.638272163982407
1026236,8.275724130399212
1026240,7.361510743045363
1026244,8.397940008672037
1026248,8.494850021680094
1026252,8.769551078621726
1026256,8.494850021680094
1026260,8.67778070526608
1026268,8.721246399047171
1026272,8.2518119729938
1026276,8.853871964321762
1026280,8.173925197299173
1026284,8.769551078621726
1026288,7.590066876668706
1026292,8.67778070526608
1026296,8.657577319177793
1026300,8.2518119729938
1026308,8.602059991327963
1026312,7.910094888560602
1026316,8.086186147616283
1026320,8.387216143280265
1026324,7.995678626217358
1026328,8.468521082957745
1026332,8.2839966563652
1026336,7.701146923590294
1026352,7.404503778174426
1026356,7.950781977329818
1026364,8.67778070526608
1026368,8.431798275933005
1026372,7.866461091629782
1026376,8.387216143280265
1026380,7.567030709125595
1026388,7.853871964321762
1026396,7.36251027048749
1026400,8.468521082957745
1026404,8.09151498112135
1026416,7.920818753952375
1026420,7.688246138944246
1026432,7.345823458122039
1026436,8.031517051446064
1026440,7.510041520575165
1026448,7.527243550682788
1026452,7.939302159646388
1026456,7.600326278518962
1026464,7.7121982700697735
1026468,7.844663962534938
1026472,7.739928612014925
1026484,7.5376020021010435
1026488,8.397940008672037
1026492,8.443697499232712
1026496,7.991399828238082
1026500,8.318758762624412
1026504,7.135488918941608
1026508,7.06198090252379
1026512,7.823908740944319
1026516,8.455931955649724
1026520,8.05551732784983
1026524,7.795880017344075
1026532,7.681936665037238
1026536,8.065501548756432
1026540,8.356547323513812
1026544,7.567030709125595
1026552,7.158640529545145
1026556,6.958607314841775
1026560,6.823908740944319
1026568,8.2518119729938
1026572,7.860120913598763
1026576,8.0268721464003
1026580,6.928117992693875
1026588,8.221848749616356
1026592,7.600326278518962
1026596,7.723538195826756
1026600,7.174573882232177
1026604,8.346787486224656
1026608,7.018634490921456
1026612,8.0
1026620,7.3655227298392685
1026624,8.022276394711152
1026632,6.501689446210399
1026636,7.297569463554475
1026640,7.26440110030182
1026644,8.0
1026648,7.97469413473523
1026656,7.3655227298392685
1026660,7.184422251675732
1026664,7.314258261397736
1026672,7.125518182300533
1026676,7.108462542327436
1026680,7.2441251443275085
1026684,7.059981844992337
1026688,7.698970004336019
1026700,6.903089986991944
1026704,6.913640169325252
1026708,7.769551078621726
1026716,7.465973893943865
1026728,7.4698003017969175
1026732,7.123782159408358
1026736,7.552841968657781
1026740,7.242603971206976
1026744,7.555955204081924
1026748,6.804100347590766
1026752,6.79317412396815
1026756,7.221848749616356
1026760,7.679853713888946
1026764,6.826813731587726
1026768,6.480172006224281
1026772,7.614393726401688
1026776,7.276544327964814
1026784,7.703334809738469
1026788,7.0851281824599495
1026792,7.609064892896621
1026796,7.43533393574791
1026800,7.373659632624958
1026804,6.823908740944319
1026808,7.24184537803261
1026812,7.161150909262744
1026816,7.995678626217358
1026820,6.876148359032914
1026824,7.4723700991286615
1026832,7.809668301829708
1026836,8.67778070526608
1026848,8.721246399047171
1026852,7.293282217663242
1026856,6.818156412055227
1026864,6.3124710387853655
1026868,6.6777807052660805
1026880,6.2839966563652006
1034195,7.503070351926785
1034196,7.412289034981089
1034197,5.7544873321858505
1034198,5.2949920406666635
1034199,5.190507623062659
1034200,5.111764326729433
1034201,6.071092309756048
1034202,7.184422251675732
1034203,7.809668301829708
1048219,7.259637310505756
1048223,7.259637310505756
1048383,7.259637310505756
1048395,7.259637310505756
1048511,6.259637310505756
1048527,6.259637310505756
1048555,7.259637310505756
1048603,6.259637310505756
1057984,9.221848749616356
1057988,8.065501548756432
1057992,9.0
1057996,8.207608310501746
1058000,8.18045606445813
1058004,8.67778070526608
1058008,8.853871964321762
1058012,8.2518119729938
1058016,8.154901959985743
1058020,8.18045606445813
1058024,8.187086643357144
1058028,8.795880017344075
1058032,8.0268721464003
1059608,8.703334809738468
1059610,9.3767507096021
1059612,8.826813731587725
1059614,9.086186147616283
1059616,9.301029995663981
1059618,9.031517051446064
1059620,9.387216143280265
1059622,9.050609993355087
1059624,9.080921907623926
1059626,9.431798275933005
1059628,8.665546248849068
1059630,8.910094888560602
1059632,8.779891911959945
1059634,8.649751981665837
1059636,8.742321425130816
1059638,8.595166283380062
1059640,8.405607449624574
1059642,8.492144128304169
1059644,8.84163750790475
1059646,8.853871964321762
1059652,9.161150909262744
1059654,8.853871964321762
1059656,8.91721462968355
1059658,9.173925197299173
1059660,9.397940008672037
1059662,8.75448733218585
1067085,7.721246399047171
1067091,7.507239610973162
1067112,7.892790030352131
1067118,8.296708621881338
1076731,9.0
1106512,6.259637310505756
1106520,6.259637310505756
1106532,6.259637310505756
1106536,6.259637310505756
1106540,6.259637310505756
1106544,6.259637310505756
1106588,6.259637310505756
1106608,6.259637310505756
1106648,5.259637310505756
1106651,6.259637310505756
1106724,6.259637310505756
1106727,6.259637310505756
1106838,6.259637310505756
1106841,5.259637310505756
1106851,6.259637310505756
1141807,7.4089353929735005
1141811,6.896196279044043
1141819,7.585026652029182
1141823,8.0
1141831,6.899629454882437
1141843,6.995678626217358
1141859,6.3655227298392685
1141863,6.333482019445119
1141867,6.090979145788844
1141871,6.72584215073632
1141875,6.619788758288394
1141883,6.050122295963125
1141891,5.772884917410875
1141899,5.409046764812015
1141907,5.747146969020107
1141915,5.7527634504932355
1141923,5.464832514885056
1141927,5.284330857599009
1141935,6.4698003017969175
1141943,5.54882784248746
1141947,5.249183157350245
1141951,5.681936665037238
1141959,7.6777807052660805
1141963,6.341035157335565
1141967,7.040958607678906
1141975,6.903089986991944
1141983,5.712422190921295
1141987,7.136677139879544
1141995,6.064996848546345
1142003,6.628932137728263
1142011,5.678401569534656
1142015,5.592269271973665
1142019,5.828858848971618
1142023,5.62967199222049
1142027,6.292429823902063
1142035,6.0385789059335515
1142043,5.986320302708807
1142051,5.228927216778805
1142055,6.764471553092451
1142063,6.609064892896621
1142071,6.2549252084179425
1142079,6.688246138944246
1142083,7.318758762624412
1142091,6.573488738635425
1142095,6.35261702988538
1142099,7.481486060122112
1142107,6.982966660701219
1142115,6.032920265855503
1142123,5.6219656775426685
1142127,5.611543547299734
1142135,6.987162775294828
1142139,5.844056982028163
1142143,6.057991946977687
1142147,6.113509274827518
1142155,6.795880017344075
1142163,7.337242168318426
1142167,6.026872146400302
1142171,6.450996737974212
1142179,8.221848749616356
1142187,6.876148359032914
1142191,7.1487416512809245
1142195,6.366531544420414
1142199,7.045757490560675
1142207,6.785156151952302
1142211,6.7594507517174005
1142215,6.048176964684088
1142219,6.614393726401688
1142223,7.301029995663981
1142227,6.422508200162775
1142231,6.253365801062421
1142235,6.856985199745905
1142239,7.823908740944319
1142247,7.3872161432802645
1142251,6.485452247339714
1142267,7.086186147616283
1142271,7.552841968657781
1142275,6.995678626217358
1142279,6.407823242604133
1142291,6.790484985457369
1142295,6.924453038607469
1142303,6.2076083105017466
1142315,5.895171596346344
1142331,7.468521082957745
1142335,6.585026652029182
1142339,6.684029654543083
1142343,7.6777807052660805
1142347,7.698970004336019
1142355,6.896196279044043
1142363,5.175678875149229
1142367,5.8623294627632445
1142371,5.747389659432627
1142375,7.00436480540245
1142383,5.592949185195749
1142387,5.881074247174223
1142391,5.465973893943865
1142395,5.779368980551908
1142403,5.4752145506787775
1142407,5.497436330892636
1142415,6.088842391260023
1142419,6.0675262353228465
1142423,6.176525770829699
1142427,6.935542010773082
1142431,5.254222782110241
1142435,6.434152181326482
1142439,6.262807357295262
1142443,6.531652669587842
1142447,5.325690111058523
1142451,5.025028005701931
1142455,6.137868620686962
1142459,5.889410289700751
1142463,5.181246409502283
1142475,6.011441043121384
1142479,6.411168274405792
1142483,5.103198302335079
1142487,6.478861916295964
1142491,5.928486194904911
1142495,6.1979107421182675
1142499,6.100179497572904
1142503,5.1685781829349775
1142507,5.014618439768003
1142511,6.432973633840939
1142515,6.910094888560602
1142523,6.401209493236885
1142527,5.394802732611622
1142531,5.683400697906139
1142535,6.213248577854439
1142543,6.044793462458058
1142547,6.139661993429006
1142551,6.2247537402597635
1142555,6.031050319018657
1142559,6.075204004202088
1142563,5.775208043507319
1142567,6.360513510731414
1142571,7.508638306165727
1142579,6.162411561764489
1142583,7.494850021680094
1142591,5.527389802403955
1142603,7.0655015487564325
1142619,7.251811972993799
1142631,6.522878745280337
1142639,6.045757490560675
1142643,7.337242168318426
1142647,6.326979092871103
1142651,5.659754238432068
1142655,6.931814138253839
1142659,5.789681480173768
1142663,6.250263684430939
1142667,5.757210190521324
1142671,6.114638779968488
1142679,5.88706002391592
1142683,6.638272163982407
1142687,5.978397283971757
1142703,5.998699066979582
1142707,6.345823458122039
1142715,5.235375602149018
1142719,5.209433374853924
1142739,5.04706233224902
1142743,5.952725132615821
1142759,6.139063379299906
1142767,6.882728704344236
1142771,6.012780770091995
1142775,6.1090204030103115
1142779,6.274088367704952
1142783,5.938924676370208
1142787,6.085656842880559
1142791,6.640164517660112
1142795,6.928117992693875
1142799,6.688246138944246
1142807,7.823908740944319
1142819,6.247183568811728
1142823,6.488116639021126
1142835,5.018951941086827
1142847,5.479385478121764
1142851,6.074172425375258
1142855,7.481486060122112
1142863,6.241088107602026
1142871,5.856048883576037
1142875,6.507239610973162
1142883,7.698970004336019
1142887,6.023650020996727
1142891,5.638649975647733
1142899,6.163675884293248
1142903,7.552841968657781
1142907,7.045757490560675
1142911,7.346787486224656
1142915,5.699839463048647
1142919,5.601886308269497
1142923,5.530177984021837
1142927,5.742081549685942
1142931,5.268975620184312
1142935,6.4736607226101555
1142939,6.279840696594043
1142943,5.757707095017069
1142947,5.427709393848582
1142951,7.1487416512809245
1142955,5.525055664534612
1142959,6.82102305270683
1142963,5.588548657862063
1142967,6.223298816011589
1142971,5.607830850510264
1142975,6.621602099051862
1142979,6.598599459218455
1142983,6.910094888560602
1142987,6.709965388637482
1142991,6.761953896871205
1142999,6.103473782510445
1143007,6.7594507517174005
1143015,6.882728704344236
1143019,6.787812395596042
1143027,6.542118103266008
1143031,6.609064892896621
1143039,6.4089353929735005
1143043,6.667561540084395
1143051,6.076755981369724
1143059,6.275724130399211
1143067,5.114243118930733
1143071,6.018181392829336
1143075,6.61261017366127
1143079,6.841637507904751
1143087,7.346787486224656
1143095,5.06398920428479
1143099,6.176525770829699
1143103,5.791289980093599
1143111,6.978810700930062
1143119,5.327348077159997
1143127,7.494850021680094
1143139,6.835647144215563
1143143,7.026872146400302
1143151,6.00436480540245
1143155,6.180456064458132
1143163,5.730487055782084
1143167,6.910094888560602
1143171,6.943095148663527
1143179,7.0
1143187,6.162411561764489
1143203,5.801617869991706
1143207,6.011887159731648
1143211,6.173925197299173
1143219,7.161150909262744
1143239,6.078833949362261
1143243,6.027797161620936
1143251,5.890759031411797
1143255,7.376750709602099
1143263,6.462180904926726
1143271,7.096910013008056
1143279,7.6020599913279625
1143287,6.809668301829708
1143295,7.031517051446065
1143303,6.090979145788844
1143307,6.860120913598763
1143315,7.455931955649724
1143327,5.162348442153608
1143339,5.007004901568658
1143343,5.515273195701338
1143351,5.278024598414047
1143355,6.111259039317107
1143359,5.8297382846050425
1143367,5.984221243610959
1143375,7.173925197299173
1143383,5.201280314814993
1143403,5.994390554639719
1143407,6.00788851221305
1143411,6.684029654543083
1143419,5.890084136976206
1143423,6.166215625343521
1143427,5.2098556349570995
1143431,5.257353410061263
1143435,5.637894680706227
1143443,5.093287943057036
1143447,6.698970004336019
1143455,6.452225294612178
1143459,5.834162375309871
1143463,6.73754891026957
1143467,7.086186147616283
1143471,7.5376020021010435
1143479,5.501138311007116
1143487,5.950781977329818
1143491,6.041436116778033
1143495,6.772113295386326
1143503,6.935542010773082
1143511,6.747146969020107
1143523,5.707300996956071
1143527,6.215382707367125
1143531,6.094204119632131
1143543,5.190103753397561
1143547,5.928854709548917
1143551,5.2508049577803275
1143555,6.015922966097169
1143559,6.795880017344075
1143563,5.571379327328061
1143567,5.186953034839892
1143575,5.145268982786058
1143579,5.1671080552402096
1143583,5.498119506244941
1143587,6.329754146925876
1143595,6.090443970758825
1143599,5.4040630937308265
1143603,6.690369832574102
1143611,5.270592203036932
1143615,6.410050398674292
1143619,6.72584215073632
1143631,6.066006836168758
1143635,5.899284913426919
1143639,6.285670240254767
1143643,5.914352711703144
1143647,5.984221243610959
1143651,6.8326826652518236
1143655,6.45717457304082
1143659,5.142426295852505
1143663,5.714217726220605
1143671,5.164436248330903
1143675,6.313363730737707
1143683,7.619788758288394
1143687,7.769551078621726
1143691,5.451856362565154
1150995,5.168770306132936
1151003,5.647817481888637
1151126,5.0
1151132,5.0
1151136,5.0
1151144,5.0
1151158,5.0
1151164,5.0
1151180,5.0
1151184,5.521433504406157
1151190,5.379863945026242
1151234,5.0
1151240,5.0
1151242,3.0
1151353,7.1487416512809245
1151383,5.0
1151433,5.0
1151475,7.698970004336019
1151479,7.619788758288394
1151543,5.0
1152181,7.522878745280337
1152393,7.522878745280337
1171551,8.022276394711152
1171554,8.659555885159882
1171558,9.244125144327509
1171562,8.347753658996677
1171566,8.777283528852417
1171569,8.896196279044043
1171572,8.995678626217357
1171575,8.238824186844269
1171578,7.950781977329818
1171580,7.47755576649368
1171584,8.441291429466835
1171587,8.254925208417943
1171592,8.339134521996131
1171595,8.126679398184601
1171598,8.522878745280337
1171602,8.782516055786093
1171605,8.497572880015568
1171609,7.069560405233299
1171612,8.511449283499555
1171615,7.995678626217358
1171618,8.387216143280265
1171621,8.707743928643524
1171624,8.469800301796917
1171626,8.049635145623878
1171629,8.5016894462104
1171633,7.747146969020107
1171643,8.272458742971443
1171646,7.97469413473523
1171651,7.935542010773082
1171655,8.245651664288982
1171658,8.562249437179611
1171661,8.995678626217357
1171665,8.175874166083451
1171668,8.41793663708829
1171671,8.21824462534753
1171674,8.052076380168273
1171686,8.473660722610155
1171702,8.649751981665837
1171705,9.0268721464003
1171708,8.111820506081676
1171711,8.943095148663527
1171717,8.455931955649724
1171720,8.8153085691824
1171723,8.950781977329818
1171725,8.576754126063193
1171728,9.236572006437063
1171731,9.236572006437063
1171735,8.511449283499555
1171738,8.482804102050025
1171743,8.191789027075778
1171745,7.795880017344075
1171749,8.730487055782083
1171751,8.578396073130168
1171754,8.528708288941061
1171757,8.505845405981557
1171759,8.343901797987169
1171762,8.744727494896694
1171770,8.560667306169737
1171773,8.442492798094342
1171777,8.684029654543082
1171781,7.394694953858891
1171784,8.368556230986828
1171789,8.069050968832476
1171799,8.065501548756432
1171801,8.236572006437063
1171804,8.596879478824182
1171808,8.03574036980315
1171811,8.102372908709558
1171814,9.080921907623926
1171820,9.327902142064282
1171822,8.924453038607469
1171825,9.214670164989233
1171828,9.244125144327509
1171831,9.568636235841012
1171835,8.906578314837764
1171838,9.154901959985743
1171841,9.173925197299173
1171844,9.366531544420413
1171847,9.119186407719209
1171850,8.494850021680094
1171853,9.130768280269024
1171856,8.681936665037238
1171862,9.013228265733755
1171865,8.795880017344075
1171868,9.142667503568731
1171871,9.3767507096021
1171875,9.214670164989233
1171879,9.236572006437063
1171882,9.229147988357855
1171888,9.853871964321762
1171891,10.522878745280337
1171894,9.173925197299173
1171897,9.022276394711152
1171901,9.522878745280337
1171904,9.00436480540245
1171906,8.718966632752272
1171909,9.09151498112135
1171912,9.00436480540245
1171914,8.812479279163536
1171917,9.102372908709558
1171920,9.167491087293763
1171923,9.00436480540245
1171925,8.779891911959945
1171928,9.022276394711152
1171931,9.2518119729938
1171934,8.51427857351842
1171937,8.869666231504993
1171940,9.3767507096021
1171943,9.070581074285707
1171945,9.10790539730952
1171947,9.113509274827518
1171951,8.619788758288394
1171965,9.744727494896694
1171968,8.772113295386326
1171971,9.2518119729938
1171976,8.903089986991944
1171980,9.522878745280337
1171990,9.075720713938118
1171994,8.924453038607469
1171998,9.292429823902063
1172002,9.017728766960431
1172005,9.236572006437063
1172008,9.119186407719209
1172011,9.096910013008056
1172015,9.136677139879543
1172018,8.79860287567955
1172021,8.48678239993206
1172024,9.3767507096021
1172040,8.480172006224281
1172049,9.013228265733755
1172052,9.00436480540245
1172062,8.046723663332696
1172066,8.79317412396815
1172074,8.30803489723264
1172077,8.896196279044043
1172081,8.679853713888946
1172087,7.856985199745905
1172090,8.55284196865778
1172094,8.769551078621726
1172098,8.602059991327963
1172102,8.698970004336019
1172105,9.045757490560675
1172108,8.920818753952375
1172111,9.154901959985743
1172114,8.585026652029182
1172120,8.443697499232712
1172123,8.397940008672037
1172127,8.698970004336019
1172130,8.823908740944319
1172135,8.522878745280337
1172138,7.772113295386326
1172142,7.371611069949688
1193319,7.455931955649724
1193322,7.455931955649724
1193325,7.455931955649724
1193331,7.455931955649724
1193352,7.455931955649724
1193358,7.455931955649724
1193361,7.455931955649724
1193394,7.455931955649724
1193397,7.455931955649724
1193427,7.455931955649724
1193430,7.455931955649724
1193487,7.455931955649724
1196694,7.259637310505756
1196698,7.259637310505756
1196702,6.259637310505756
1196714,7.259637310505756
1196718,7.259637310505756
1196722,7.259637310505756
1196726,6.259637310505756
1196734,7.259637310505756
1196738,6.259637310505756
1196742,7.259637310505756
1196746,7.259637310505756
1196750,7.259637310505756
1196754,6.259637310505756
1196762,7.259637310505756
1196766,6.259637310505756
1196770,7.259637310505756
1196774,7.259637310505756
1196778,7.259637310505756
1196782,6.259637310505756
1196786,7.259637310505756
1196790,7.259637310505756
1196794,7.259637310505756
1196798,7.259637310505756
1196806,7.259637310505756
1196818,6.259637310505756
1196822,7.259637310505756
1196826,7.259637310505756
1196830,7.259637310505756
1196838,7.259637310505756
1196842,7.259637310505756
1196862,7.259637310505756
1196866,7.259637310505756
1196878,7.259637310505756
1196882,7.259637310505756
1196886,7.259637310505756
1196906,7.259637310505756
1196914,6.259637310505756
1196918,6.259637310505756
1196922,6.259637310505756
1196926,6.259637310505756
1196930,7.259637310505756
1196934,7.259637310505756
1196954,7.259637310505756
1196958,7.259637310505756
1201592,9.0
1201593,8.920818753952375
1201595,9.022276394711152
1201596,8.823908740944319
1201597,8.698970004336019
1201598,9.154901959985743
1201600,6.769551078621726
1201601,6.709965388637482
1201603,8.823908740944319
1201604,8.698970004336019
1201606,8.698970004336019
1201608,8.698970004336019
1201610,7.6777807052660805
1201611,9.221848749616356
1201612,7.920818753952375
1201616,7.229147988357855
1201617,7.356547323513812
1201618,6.185752404268079
1201619,7.187086643357144
1201620,7.142667503568731
1201621,6.045757490560675
1201622,7.769551078621726
1201623,9.0
1201650,7.154901959985743
1201669,7.853871964321762
1201670,6.647817481888637
1201673,6.966576244513051
1201675,7.142667503568731
1201678,8.698970004336019
1201681,9.154901959985743
1201682,9.0
1201684,5.154901959985743
1201686,8.130768280269024
1201688,7.823908740944319
1201691,9.0
1201693,8.356547323513812
1201694,7.886056647693163
1201695,8.0268721464003
1201696,9.397940008672037
1201698,8.346787486224656
1201699,9.096910013008056
1201702,9.187086643357144
1201703,5.303206914918256
1201705,8.602059991327963
1201706,9.045757490560675
1201707,9.187086643357144
1201708,7.769551078621726
1201709,9.455931955649724
1201710,7.6777807052660805
1202889,6.621602099051862
1202893,5.935916564036404
1202897,5.7667499904589
1202901,6.351639989019068
1202905,5.859177819890689
1202909,5.848017604542526
1202913,6.85078088734462
1202921,6.899629454882437
1202925,7.638272163982407
1202929,6.443697499232712
1202933,6.1732774798310075
1202941,6.681936665037238
1202945,5.9503943874050265
1202949,5.875495775165717
1202953,6.064996848546345
1202957,7.657577319177793
1212531,6.259637310505756
1216938,6.301029995663981
1229395,8.301029995663981
1229398,8.301029995663981
1229401,7.259637310505756
1229404,8.301029995663981
1229407,8.301029995663981
1229410,8.301029995663981
1229413,7.259637310505756
1229416,7.259637310505756
1229425,8.301029995663981
1229428,8.301029995663981
1229431,8.301029995663981
1229434,7.259637310505756
1229437,7.259637310505756
1257781,5.154901959985743
1257787,5.070581074285707
1262394,6.187086643357144
1262396,6.187086643357144
1280847,7.096910013008056
1280851,6.651695136951839
1280855,6.856985199745905
1280859,7.0915149811213505
1281416,6.1249387366083
1285042,6.534617148551582
1291273,5.259637310505756
1291279,5.259637310505756
1291288,6.522878745280337
1291291,6.522878745280337
1291294,6.1249387366083
1291297,6.1249387366083
1291300,6.1249387366083
1291303,5.259637310505756
1291306,5.259637310505756
1291309,5.259637310505756
1291315,5.259637310505756
1291318,5.259637310505756
1320944,6.560667306169737
1321048,6.560667306169737
1321540,6.560667306169737
1324413,9.259637310505756
1324469,5.259637310505756
1324489,6.522878745280337
1324493,6.522878745280337
1324509,6.522878745280337
1324569,5.259637310505756
1324573,5.259637310505756
1324577,5.259637310505756
1346796,6.173925197299173
1346832,4.957424487559809
1361872,6.0589857562944305
1363742,8.096910013008056
1384548,7.3979400086720375
1384560,5.697236291527018
1384564,5.114356128164236
1384568,5.430509045651217
1384572,6.489454989793388
1384580,6.2839966563652006
1384584,5.5638373529592435
1384604,6.958607314841775
1384608,5.262568799485417
1384612,5.8613815661005075
1384616,5.435097327470795
1384620,6.534617148551582
1384624,6.00788851221305
1384628,6.204815410317576
1384632,5.930331903088405
1384636,6.090443970758825
1406895,7.607303046740334
1406898,7.91721462968355
1406901,7.3979400086720375
1406903,8.431798275933005
1406905,7.080398976215889
1406907,7.303643611266668
1406909,8.045757490560675
1406912,7.436518914605589
1406914,7.279014255846261
1406916,8.468521082957745
1406918,7.860120913598763
1406920,7.714442690992226
1406922,8.397940008672037
1406924,6.090979145788844
1406926,7.425968732272281
1406928,7.931814138253839
1406930,6.705533773838407
1406932,8.619788758288394
1406934,6.899629454882437
1406936,6.995678626217358
1406938,8.200659450546418
1406940,6.987162775294828
1406942,7.756961951313706
1406944,8.3767507096021
1406946,7.982966660701219
1406948,8.494850021680094
1406950,7.294992040666664
1406952,8.494850021680094
1406954,8.1249387366083
1406956,9.221848749616356
1406958,7.950781977329818
1406960,7.616184634019569
1406962,8.154901959985743
1406964,8.795880017344075
1406967,7.020907099361674
1406969,8.455931955649724
1406971,8.455931955649724
1406973,8.008773924307505
1406976,8.431798275933005
1406979,7.0467236633326955
1406981,6.061480274823508
1406983,7.036684488613889
1406985,7.38933983691012
1406987,6.176525770829699
1406989,8.00436480540245
1406991,8.481486060122112
1406994,8.09151498112135
1406996,6.410050398674292
1406998,7.4723700991286615
1407000,8.05551732784983
1407003,8.318758762624412
1407005,6.991399828238082
1407007,7.732828271596986
1407009,7.6252516539898965
1407011,7.723538195826756
1407013,5.689731633367552
1407017,7.777283528852417
1407019,8.508638306165727
1407021,6.872895201635193
1407023,8.136677139879543
1407025,6.161150909262744
1407027,7.6252516539898965
1407029,6.525783735923745
1407031,9.096910013008056
1407033,7.014124642691606
1407035,7.97469413473523
1407039,8.119186407719209
1407041,7.806875401645538
1407043,7.876148359032914
1407046,8.920818753952375
1407049,7.220403508742176
1407051,7.019088062223156
1407053,7.359518563029578
1407055,7.3872161432802645
1407057,7.47755576649368
1407059,6.812479279163537
1407061,7.497572880015567
1407063,7.226945306635737
1407065,7.0762380391713
1407067,6.438898616350944
1407069,7.482804102050026
1407071,8.187086643357144
1407073,6.151810883008602
1407075,6.747146969020107
1407077,7.576754126063192
1407079,6.178486471595227
1407081,5.732828271596986
1407083,6.928117992693875
1407085,6.767003889607846
1407087,6.401209493236885
1408003,7.943095148663527
1411862,9.0
1411864,8.657577319177793
1411865,8.769551078621726
1411866,8.721246399047171
1411867,8.67778070526608
1411868,8.327902142064282
1417222,6.126679398184601
1417225,6.026410376572743
1417228,5.374996398985137
1417231,5.950781977329818
1417234,5.744004273277598
1417243,6.214670164989233
1417246,6.0655015487564325
1417249,6.017728766960431
1417252,6.161150909262744
1417255,5.636388020107856
1417264,6.220403508742176
1417267,6.113509274827518
1417270,6.0726296369609765
1417273,5.892790030352131
1417276,5.744004273277598
1417285,5.9044819576768495
1417288,6.15676722190199
1417291,6.023191662661934
1417294,5.984640244590786
1417297,6.094743951251549
1432044,9.522878745280337
1432046,8.721246399047171
1432048,9.397940008672037
1432050,8.698970004336019
1432052,7.568636235841013
1432056,7.2076083105017466
1432059,7.886056647693163
1432063,8.853871964321762
1432065,8.259637310505756
1432067,8.657577319177793
1432069,9.301029995663981
1432073,8.309803919971486
1432075,9.522878745280337
1432077,8.657577319177793
1432079,7.853871964321762
1432081,7.275724130399211
1432083,7.920818753952375
1432085,8.4089353929735
1432087,7.5376020021010435
1432089,7.376750709602099
1432091,7.4089353929735005
1432093,8.537602002101044
1432095,8.853871964321762
1432097,9.221848749616356
1432099,9.154901959985743
1432101,9.096910013008056
1432103,9.221848749616356
1432105,9.221848749616356
1432107,9.397940008672037
1432109,9.221848749616356
1432113,9.221848749616356
1432119,8.346787486224656
1432121,8.55284196865778
50081076,7.214670164989233
50081078,7.187086643357144
50081080,5.995678626217358
50081083,6.496209316942819
50081086,6.756961951313706
50081089,6.568636235841013
50081090,6.400116927926312
50081095,6.835647144215563
50081099,6.79317412396815
50081101,6.6439741428068775
50081102,6.749579997691106
50081110,7.795880017344075
50081117,6.050122295963125
50081126,7.443697499232712
50081133,6.809668301829708
50081137,6.853871964321762
50081138,6.749579997691106
50081139,7.096910013008056
50081140,7.031517051446065
50081141,6.505845405981557
50081142,6.161150909262744
50081143,6.42021640338319
50081144,7.468521082957745
50081145,7.698970004336019
50081149,8.1249387366083
50094239,5.756961951313706
50094240,8.221848749616356
50094241,6.920818753952375
50094242,6.978810700930062
50094243,6.721246399047171
50094244,5.7423214251308154
50094246,7.080921907623926
50094247,6.5376020021010435
50094248,6.008773924307505
50094249,6.022276394711152
50094250,6.735182176990463
50094252,5.823908740944319
50094253,5.911863911299449
50094254,6.167491087293763
50094255,6.522878745280337
50109744,8.18045606445813
50109745,8.05551732784983
50109786,5.619788758288394
50157162,6.375717904164332
50157164,8.221848749616356
50157166,8.301029995663981
50157168,7.6020599913279625
50157174,6.847711655616943
50157177,8.096910013008056
50157180,5.3310552655422665
50157186,7.7447274948966935
50157199,7.958607314841775
50157207,8.522878745280337
50157257,6.042392712939905
50157309,7.060480747381382
50157313,4.9821322810364945
50172041,5.0
50199354,9.113509274827518
50199355,9.221848749616356
50199357,9.568636235841012
50199376,7.795880017344075
50199380,8.050609993355087
50199381,8.200659450546418
50224258,5.221848749616356
50224267,4.943095148663527
50224268,5.2441251443275085
50224269,7.045757490560675
50224273,7.522878745280337
50224274,7.301029995663981
50224275,8.0
50230906,5.481486060122113
50246529,6.860120913598763
50247868,7.356547323513812
50247870,7.017728766960431
50247871,6.812479279163537
50247872,6.1438755557577
50247873,6.647817481888637
50252409,7.522878745280337
50252410,7.795880017344075
50252411,6.2441251443275085
50252412,6.886056647693163
50252413,6.6020599913279625
50252414,6.886056647693163
50252415,7.376750709602099
50252416,7.0
50252417,7.508638306165727
50252418,6.455931955649724
50252419,7.214670164989233
50252420,6.769551078621726
50252421,6.886056647693163
50252422,6.552841968657781
50252423,7.2076083105017466
50252424,6.823908740944319
50252425,6.3979400086720375
50252426,6.958607314841775
50252427,6.42021640338319
50252428,7.508638306165727
50252429,6.920818753952375
50252430,7.7447274948966935
50252431,6.886056647693163
50252432,6.6777807052660805
50269536,4.844663962534939
50269537,6.301029995663981
50269538,6.453457336521869
50269541,6.040481623027001
50269542,6.562249437179612
50269543,5.430626090384954
50269544,5.1791420105603
50269545,7.214670164989233
50291818,6.2403321553103694
50296899,5.022276394711152
50296900,5.070581074285707
50296903,5.161150909262744
50296905,4.913640169325252
50307557,8.045757490560675
50307558,6.161150909262744
50307559,7.070581074285707
50307562,9.0
50307563,6.480172006224281
50307565,7.1487416512809245
50307569,7.698970004336019
50307574,9.0
50307577,7.920818753952375
50307578,8.096910013008056
50307579,7.167491087293763
50307580,9.0
50307583,6.882728704344236
50307586,7.136677139879544
50307587,5.536107011014093
50307589,7.795880017344075
50307590,6.2076083105017466
50307591,6.432973633840939
50307592,6.665546248849069
50307593,6.657577319177793
50307601,6.022276394711152
50307603,5.9714287473074625
50307606,6.012333735073725
50307617,7.698970004336019
50307618,8.522878745280337
50325519,6.769551078621726
50325526,6.2262135550188065
50325527,6.406713932979542
50325534,6.533132379645891
50348832,5.327902142064283
50348927,5.251811972993799
50348933,5.173925197299173
50353839,8.0
50353840,8.455931955649724
50353842,8.244125144327509
50353843,8.130768280269024
50353845,7.769551078621726
50353846,8.619788758288394
50353847,8.585026652029182
50353848,8.55284196865778
50353850,8.096910013008056
50353853,8.455931955649724
50353912,6.301029995663981
50353917,6.886056647693163
50353919,8.67778070526608
50353920,8.537602002101044
50357797,7.853871964321762
50357800,7.769551078621726
50357801,8.494850021680094
50357802,7.920818753952375
50357805,7.3872161432802645
50357809,7.0
50357813,7.3872161432802645
50357815,6.431798275933005
50357816,7.7447274948966935
50357817,7.309803919971486
50357818,7.337242168318426
50357819,6.698970004336019
50357820,6.1938200260161125
50357821,6.366531544420414
50357822,7.075720713938118
50357823,6.721246399047171
50357824,6.1938200260161125
50357826,6.508638306165727
50357827,7.522878745280337
50365791,6.853871964321762
50365797,8.136677139879543
50365800,8.585026652029182
50365802,5.7447274948966935
50365806,7.769551078621726
50365808,7.086186147616283
50365811,6.070581074285707
50365813,7.366531544420414
50365816,7.013228265733755
50365819,7.638272163982407
50365822,7.055517327849832
50365825,8.356547323513812
50365828,7.769551078621726
50366007,7.638272163982407
50366054,7.638272163982407
50366057,7.070581074285707
50366060,8.443697499232712
50366063,6.301029995663981
50366066,5.886056647693163
50371563,6.889410289700751
50371580,5.355561410532162
50371596,7.327902142064283
50371597,6.645891560852599
50371598,8.154901959985743
50371599,6.6307841425898575
50371600,7.036212172654444
50371601,6.7423214251308154
50371602,7.318758762624412
50371603,6.995678626217358
50371604,7.107905397309519
50371605,7.327902142064283
50371606,7.795880017344075
50371607,7.251811972993799
50391277,7.494850021680094
50391278,7.292429823902063
50391279,6.97061622231479
50412956,5.610656688747922
50413126,6.455931955649724
50413146,6.346787486224656
50413169,5.886056647693163
50413172,6.236572006437063
50413174,6.6777807052660805
50413175,7.698970004336019
50413176,7.136677139879544
50413177,7.6020599913279625
50413178,7.187086643357144
50417499,6.2441251443275085
50417500,7.366531544420414
50417512,6.142667503568731
50417522,6.4089353929735005
50417532,6.431798275933005
50417565,6.638272163982407
50417566,8.823908740944319
50417720,8.958607314841775
50417721,7.481486060122112
50417724,8.508638306165727
50417725,9.045757490560675
50417726,8.853871964321762
50417751,8.920818753952375
50420835,7.301029995663981
50421311,6.673664139071248
50421315,8.698970004336019
50421316,8.585026652029182
50421319,8.366531544420413
50421320,8.259637310505756
50421322,7.568636235841013
50423541,3.359220522655143
50423542,5.853871964321762
50423566,8.301029995663981
50423581,5.657577319177793
50423582,4.688246138944246
50423583,5.5376020021010435
50423584,5.795880017344075
50423586,5.3872161432802645
50423587,5.552841968657781
50423588,5.568636235841013
50423589,5.585026652029182
50423590,5.585026652029182
50423591,5.229147988357856
50423592,5.318758762624412
50423593,5.886056647693163
50423594,5.6020599913279625
50423595,4.8696662315049934
50423596,5.327902142064283
50423597,5.795880017344075
50424311,3.938170692705301
50424312,3.95116991347165
50424313,3.7894139750948437
50440512,5.031517051446065
50440513,5.709965388637482
50440514,4.543633966870957
50440515,6.494850021680094
50440516,6.431798275933005
50440517,6.130768280269024
50440518,5.236572006437063
50440519,5.066512712151295
50440520,5.449771646944906
50440521,7.107905397309519
50440522,5.709965388637482
50440523,5.4089353929735005
50440524,5.804100347590766
50440525,5.954677021213342
50440526,6.102372908709558
50440527,6.481486060122113
50440528,5.913640169325252
50440529,6.113509274827518
50440530,7.4089353929735005
50440531,4.388276691992658
50440532,3.8827287043442356
50440534,5.795880017344075
50440535,3.8377343857019786
50445974,5.324221658325915
50445975,4.856985199745905
50446008,5.517126416391246
50446010,4.995678626217358
50446011,5.838631997765025
50446013,4.826813731587726
50446018,5.568636235841013
50446056,5.00436480540245
50446058,5.555955204081924
50446059,4.790484985457369
50446061,4.790484985457369
50446062,5.016824927962187
50446456,4.987162775294828
50446457,5.6439741428068775
50446458,4.928117992693875
50446459,5.539102157243452
50446460,4.882728704344236
50466183,7.920818753952375
50466184,7.853871964321762
50466185,7.154901959985743
50466186,6.853871964321762
50466187,8.154901959985743
50466188,7.886056647693163
50466189,6.080921907623926
50466190,6.4089353929735005
50466191,6.7447274948966935
50466192,6.508638306165727
50466193,5.769551078621726
50466195,6.259637310505756
50466196,6.040958607678906
50466197,5.853871964321762
50466199,5.1487416512809245
50466351,7.769551078621726
50466352,7.886056647693163
50475505,8.397940008672037
50475506,8.301029995663981
50475507,6.823908740944319
50475537,5.769806621130955
50486455,5.958607314841775
50494002,7.013228265733755
50494003,6.735182176990463
50494008,6.104577453960592
50494009,6.274905478918531
50494010,6.135488918941608
50494014,5.366531544420414
50494015,5.5376020021010435
50494016,6.522878745280337
50494019,4.756961951313706
50494020,5.017728766960431
50494022,6.853871964321762
50494033,5.920818753952375
50494034,5.318758762624412
50494035,6.040958607678906
50494042,7.026872146400302
50494049,7.107905397309519
50494426,7.008773924307505
50500893,4.5638373529592435
50500894,5.508638306165727
50500895,4.732828271596986
50500896,5.4089353929735005
50500897,4.91721462968355
50500898,4.527243550682788
50500899,5.494850021680094
50502723,4.67670663865476
50509276,5.292429823902063
50509294,4.772113295386326
50518301,6.543633966870957
50529063,7.769551078621726
50529081,6.785156151952302
50529085,6.645891560852599
50529087,7.721246399047171
50529096,6.488116639021126
50529101,8.0268721464003
50546634,5.930701987884471
50546697,5.958607314841775
50546698,6.0655015487564325
50546699,6.142667503568731
50546703,5.958607314841775
50546704,6.698970004336019
50546705,6.853871964321762
50546706,6.795880017344075
50552559,7.327902142064283
50552572,9.0
50552576,8.619788758288394
50552584,8.327902142064282
50559404,8.221848749616356
50559405,7.958607314841775
50559406,8.096910013008056
50559407,7.920818753952375
50559408,8.045757490560675
50559409,7.795880017344075
50559410,7.853871964321762
50559411,7.7447274948966935
50559412,8.698970004336019
50559427,6.779891911959945
50559428,6.787812395596042
50559430,6.94692155651658
50559432,7.2839966563652006
50559433,7.327902142064283
50560631,5.488116639021126
50560632,5.7447274948966935
50560633,6.251811972993799
50560634,5.468521082957745
50560635,6.405607449624573
50560636,6.327902142064283
50560637,6.0
50560638,6.568636235841013
50560639,6.494850021680094
50560640,7.552841968657781
50560641,5.809668301829708
50560642,6.769551078621726
50560643,7.013228265733755
50560644,7.080921907623926
50560645,6.301029995663981
50560646,7.022276394711152
50560647,6.54515513999149
50560648,6.075720713938118
50560649,6.47755576649368
50560650,5.154901959985743
50560651,7.251811972993799
50560652,7.585026652029182
50560653,8.301029995663981
50564185,6.958607314841775
50564205,6.823908740944319
50564209,8.301029995663981
50564213,8.096910013008056
50564223,7.4089353929735005
50564227,8.096910013008056
50564594,8.301029995663981
50564601,8.397940008672037
50564604,8.522878745280337
50565954,8.229147988357855
50569668,7.376750709602099
50569669,7.886056647693163
50569674,7.142667503568731
50569675,6.920818753952375
50569677,7.698970004336019
50569678,7.698970004336019
50569680,6.300162274132754
50569687,8.136677139879543
50610985,5.853871964321762
50610986,4.5376020021010435
50610987,4.928117992693875
50610989,6.200659450546418
50610990,4.939302159646388
50610991,5.078313524516398
50610992,7.585026652029182
50610993,5.500725418107782
50610994,6.29073003902417
50610995,5.952725132615821
50610997,6.267606240177032
50610998,5.3872161432802645
50610999,8.397940008672037
50611001,6.698970004336019
50611002,7.1249387366083
50611003,6.856985199745905
50611004,7.568636235841013
50611005,6.1249387366083
50611006,9.0
50611007,7.259637310505756
50611008,6.562249437179612
50611009,9.0
50612699,5.841637507904751
50612735,6.318758762624412
50612737,6.292429823902063
50612741,6.102372908709558
50624576,9.221848749616356
50624577,9.045757490560675
50624578,9.0
50624579,8.958607314841775
50624580,8.958607314841775
50624581,8.920818753952375
50624582,8.744727494896694
50624583,8.698970004336019
50624584,8.67778070526608
50624585,8.657577319177793
50624586,8.619788758288394
50624587,8.55284196865778
50624588,8.522878745280337
50624589,8.455931955649724
50624590,8.346787486224656
50624591,8.337242168318426
50624592,8.318758762624412
50624593,8.275724130399212
50624594,8.221848749616356
50624595,8.136677139879543
50624596,8.031517051446064
50624597,7.657577319177793
50624598,7.657577319177793
50624599,7.508638306165727
50624600,7.229147988357855
50624601,6.958607314841775
50624602,6.721246399047171
50624603,5.568636235841013
50624604,4.853871964321762
50639634,8.522878745280337
50639635,6.162411561764489
50665713,6.638272163982407
50665714,5.958607314841775
50665734,8.698970004336019
50665735,7.920818753952375
50665736,8.522878745280337
50665737,8.698970004336019
50665738,8.397940008672037
50665739,8.045757490560675
50665740,8.522878745280337
50665741,7.958607314841775
50665743,6.6777807052660805
50665744,7.167491087293763
50665745,7.309803919971486
50665746,7.0
50665747,7.130768280269024
50665748,7.2839966563652006
50665749,6.6777807052660805
50665750,7.080921907623926
50665751,7.292429823902063
50665752,7.769551078621726
50665753,7.721246399047171
50665754,7.7447274948966935
50665755,6.638272163982407
50665756,5.568636235841013
50665757,7.229147988357855
50665758,7.638272163982407
50665759,6.958607314841775
50665762,8.301029995663981
50665763,7.886056647693163
50665764,7.886056647693163
50665765,7.638272163982407
50665766,8.301029995663981
50665768,7.920818753952375
50665769,7.920818753952375
50665771,8.0
50665772,9.0
50665773,9.397940008672037
50665774,8.522878745280337
50665775,9.0
50665776,9.0
50665777,8.698970004336019
50665780,9.096910013008056
50665802,6.886056647693163
50665821,6.721246399047171
50705179,9.221848749616356
50705181,9.301029995663981
50705182,9.301029995663981
50705183,9.769551078621726
50705184,8.67778070526608
50705188,9.455931955649724
50705189,9.096910013008056
50705190,9.267606240177031
50709435,6.7447274948966935
50709436,6.346787486224656
50709437,6.080921907623926
50709438,6.481486060122113
50710787,9.698970004336019
50710788,6.6020599913279625
50710800,7.070581074285707
50710803,5.5376020021010435
50712266,7.236572006437063
50712267,7.568636235841013
50712268,8.0
50712269,7.920818753952375
50712270,8.397940008672037
50712271,9.0
50712273,8.096910013008056
50712274,8.522878745280337
50712275,8.096910013008056
50712299,7.721246399047171
50712300,7.508638306165727
50712301,7.318758762624412
50712302,7.142667503568731
50712303,7.0
50712304,5.931814138253839
50712381,5.931814138253839
50715341,5.756961951313706
50715342,5.481486060122113
50715343,6.823908740944319
50715345,5.769551078621726
50715346,6.638272163982407
50715351,5.795880017344075
50715352,6.142667503568731
50715353,6.920818753952375
50715354,6.552841968657781
50715357,7.2076083105017466
50715358,7.0
50715360,6.853871964321762
50715371,7.301029995663981
50715372,7.7447274948966935
50715375,6.795880017344075
50715376,6.292429823902063
50716655,6.906578314837765
50716657,6.995678626217358
50716659,8.267606240177031
50716671,9.096910013008056
50716672,8.3767507096021
50716981,7.3872161432802645
50716983,7.229147988357855
50716984,8.193820026016112
50716985,8.481486060122112
50716986,8.2518119729938
50717114,7.6777807052660805
50726776,5.379863945026242
50726821,7.2441251443275085
50727088,5.308034897232639
50727228,6.627087997029894
50763564,6.103473782510445
50763565,6.113509274827518
50763567,6.269217724333611
50763568,6.310691140876379
50763569,5.568153954301274
50763570,6.027334407733889
50763572,6.071604147743286
50763573,6.359518563029578
50763575,6.051587034221399
50763576,6.61261017366127
50763679,5.889410289700751
50763705,6.619788758288394
50763723,5.701146923590294
50763726,5.856985199745905
50763732,6.026872146400302
50763739,6.326979092871103
50763744,6.242603971206976
50763758,6.259637310505756
50763761,6.806875401645538
50763762,6.423658649794207
50763764,6.486782399932061
50763766,6.701146923590294
50763820,5.213958789757446
50763827,5.330683119433888
50763836,5.645891560852599
50763887,6.384049948343599
50763889,6.049148541111453
50763890,5.465973893943865
50763918,6.149966742310231
50782086,6.6595558851598815
50782089,7.1249387366083
50782099,7.187086643357144
50782102,6.698970004336019
50782365,6.062983892535185
50782369,5.448550002027125
50786328,8.721246399047171
50786330,9.154901959985743
50786333,8.698970004336019
50786334,7.795880017344075
50786339,8.468521082957745
50786351,5.674895017028592
50786352,6.216096420727265
50786353,5.786482243003695
50786416,6.476253533188435
50786425,7.4089353929735005
50786447,5.923723744595782
50786458,6.583359492661719
50786461,6.221848749616356
50786526,9.096910013008056
50786528,8.494850021680094
50786529,8.4089353929735
50825026,6.258848401148215
50825043,5.127086558379605
50842761,7.721246399047171
50842762,5.141583122276511
50842763,7.7447274948966935
50842767,7.292429823902063
50842771,6.85078088734462
50842774,7.251811972993799
50842778,7.309803919971486
50842784,6.815308569182402
50842785,7.795880017344075
50842788,8.096910013008056
50842791,8.154901959985743
50842792,7.292429823902063
50842795,6.94692155651658
50842796,6.906578314837765
50842798,7.167491087293763
50842803,7.552841968657781
50842805,7.229147988357855
50842807,7.769551078621726
50842812,6.221848749616356
50842813,7.113509274827518
50842815,8.397940008672037
50846317,4.958607314841775
50846331,5.896196279044043
50846332,6.181774106386045
50846354,6.692503962086787
50846355,6.3585258894959
50846357,6.127843727251707
50848730,7.958607314841775
50848732,7.259637310505756
50848737,5.730487055782084
50848739,6.679853713888946
50848740,6.525783735923745
50848749,6.653647025549361
50848751,8.221848749616356
50848752,7.6020599913279625
50848753,7.6777807052660805
50848757,6.490797477668897
50848758,7.721246399047171
50881313,9.0
50888474,7.698970004336019
50888475,7.823908740944319
50888476,7.823908740944319
50888477,7.769551078621726
50888478,7.657577319177793
50888479,7.568636235841013
50888480,7.568636235841013
50888490,7.769551078621726
50888491,7.823908740944319
50888492,7.6020599913279625
50888493,7.327902142064283
50888494,8.136677139879543
50888495,7.958607314841775
50888526,7.721246399047171
50888527,7.823908740944319
50888528,7.522878745280337
50888529,7.698970004336019
50888530,7.5376020021010435
50888557,7.958607314841775
50888563,7.853871964321762
50888618,7.096910013008056
50888619,6.795880017344075
50888620,7.6777807052660805
50888621,7.721246399047171
50888622,8.455931955649724
50888623,7.154901959985743
50888624,7.42021640338319
50888625,7.443697499232712
50888626,6.853871964321762
50888627,7.657577319177793
50888628,7.356547323513812
50888642,8.045757490560675
50888643,7.309803919971486
50905610,7.698970004336019
50905611,7.356547323513812
50905612,7.075720713938118
50905613,6.585026652029182
50905614,6.6777807052660805
50905615,6.055517327849832
50905616,7.154901959985743
50905617,6.721246399047171
50905618,7.6020599913279625
50905619,7.060480747381382
50905620,6.886056647693163
50905621,6.795880017344075
50905623,6.698970004336019
50905624,8.443697499232712
50905625,8.327902142064282
50905626,8.397940008672037
50905627,8.508638306165727
50905628,8.337242168318426
50905629,8.221848749616356
50905630,7.468521082957745
50905631,6.251811972993799
50905632,7.657577319177793
50905633,7.443697499232712
50905634,8.823908740944319
50905635,8.853871964321762
50905636,8.10790539730952
50905637,8.853871964321762
50905638,7.6777807052660805
50905639,8.096910013008056
50905640,9.698970004336019
50905641,7.2839966563652006
50905642,7.958607314841775
50905643,8.468521082957745
50905644,9.221848749616356
50905645,9.301029995663981
50905646,9.221848749616356
50919368,5.6020599913279625
50919372,5.675717544702307
50919373,5.301029995663981
50920139,8.301029995663981
50920140,7.236572006437063
50920141,8.397940008672037
50920142,7.6777807052660805
50920143,5.886056647693163
50920144,6.966576244513051
50920145,8.0
50920146,6.311580177997289
50920147,6.088842391260023
50920148,8.045757490560675
50920149,7.522878745280337
50920150,8.096910013008056
50920151,7.045757490560675
50920173,8.522878745280337
50920174,8.522878745280337
50920221,5.327902142064283
50920222,5.0385789059335515
50920223,5.84043280676638
50920225,6.481486060122113
50922767,6.638272163982407
50925813,6.187086643357144
50937679,6.823908740944319
50937680,6.585026652029182
50937681,6.031517051446065
50937682,6.086186147616283
50937683,6.657577319177793
50937686,6.5376020021010435
50937687,7.7447274948966935
50937688,7.853871964321762
50937689,6.481486060122113
50937690,7.045757490560675
50937691,5.958607314841775
50937692,6.769551078621726
50937695,7.337242168318426
50937696,7.173925197299173
50937697,6.958607314841775
50948644,8.823908740944319
50948645,8.096910013008056
50948693,5.671212799645465
50948697,5.541513236201793
50948699,5.852014679316195
50948701,5.664542099310616
50948703,7.327902142064283
50948705,6.714442690992226
50948706,6.866461091629782
50953255,6.73754891026957
50953295,6.116338564846382
50957065,7.165579296318468
50973016,8.008773924307505
50973017,8.130768280269024
50973019,7.163675884293248
50973020,6.616184634019569
50973021,7.649751981665837
50973022,7.462180904926726
50973024,7.192464971931146
50976225,7.455931955649724
50976226,7.017728766960431
50976227,7.318758762624412
50976228,7.657577319177793
50976229,7.657577319177793
50976233,7.638272163982407
50976243,7.275724130399211
50976244,7.154901959985743
50976245,6.585026652029182
50976246,6.886056647693163
50976247,6.638272163982407
50976248,5.920818753952375
50981535,6.228412519118745
50981536,5.876801924968001
50981537,5.705313375720556
50981609,6.982966660701219
51018952,6.379863945026242
51020074,4.856985199745905
51020075,5.193141970481182
51020076,6.447331783887806
51020077,6.021819483062586
51020078,6.001740661576301
51020080,5.928117992693875
51020081,6.424812155072339
51020090,6.031984286006359
51023737,5.79997073344623
51045280,6.493494967595128
51045281,6.686132779630847
51045282,6.72584215073632
51045283,5.050609993355087
51045284,5.692503962086787
51045285,5.847711655616943
51045287,5.261219441515631
51045312,6.872895201635193
51045314,6.462180904926726
51045315,6.913640169325252
51045316,6.910094888560602
51045317,6.636388020107856
51045318,6.449771646944906
51045320,7.366531544420414
51045323,7.657577319177793
51045324,7.481486060122112
51045325,7.356547323513812
51045326,6.97469413473523
51061871,9.096910013008056
51061884,4.966576244513051
51061885,5.373659632624958
51061886,6.055517327849832
51061887,6.130768280269024
51061889,6.769551078621726
51061927,7.2441251443275085
51061930,7.080921907623926
51061932,8.958607314841775
51061933,8.3767507096021
51061934,7.251811972993799
51061935,7.886056647693163
51061936,7.823908740944319
51061938,7.42021640338319
51061940,7.698970004336019
51061941,7.552841968657781
51061944,7.7447274948966935
51062079,4.789949150124863
51062080,5.442492798094342
51062105,5.8696662315049934
51062108,5.995678626217358
51062109,5.767003889607846
51062110,6.236572006437063
51062111,7.154901959985743
51062112,5.634512015109101
51062113,6.045757490560675
51062114,5.903089986991944
51062115,6.0
51062116,5.91721462968355
51062117,6.3872161432802645
51062118,6.6020599913279625
51062589,4.6777807052660805
51062912,8.154901959985743
51062917,8.522878745280337
51062929,7.769551078621726
51062930,8.522878745280337
51062932,8.221848749616356
51062933,8.301029995663981
51062934,8.397940008672037
51062936,8.397940008672037
51062937,8.221848749616356
51062938,8.522878745280337
51062939,7.431798275933005
51062940,7.6020599913279625
51062941,7.698970004336019
51062943,8.397940008672037
51063152,4.886056647693163
51090872,6.958607314841775
51091073,7.568636235841013
51091077,7.920818753952375
51091080,6.096910013008056
51091084,6.309803919971486
51091086,7.481486060122112
51091089,7.619788758288394
51091100,8.397940008672037
51091103,7.823908740944319
51091106,7.301029995663981
51091109,7.568636235841013
51091112,6.173925197299173
51091114,8.522878745280337
51091115,6.920818753952375
51092848,5.8297382846050425
51092849,5.907279355315901
51092850,4.996539467890494
51092852,5.896196279044043
51092854,4.955460239607589
51092855,6.309803919971486
51092856,5.785951320588058
51092857,5.671620396561262
51092859,5.013810700263176
51092860,5.896196279044043
51092866,5.414539270491499
51094611,7.920818753952375
51095768,5.050609993355087
51095778,5.431798275933005
51095834,7.0
51095835,6.698970004336019
51095836,6.94692155651658
51095837,7.585026652029182
51095838,7.431798275933005
51095839,7.7447274948966935
51095840,7.920818753952375
51095841,7.045757490560675
51095844,7.619788758288394
51095845,7.853871964321762
51095846,7.045757490560675
51095847,7.823908740944319
51095848,6.769551078621726
51105970,7.3979400086720375
51122217,7.337242168318426
51122357,6.619788758288394
51122358,5.327902142064283
51122359,7.050609993355087
51122365,5.229147988357856
51122367,5.721246399047171
51122368,7.2441251443275085
51122369,6.958607314841775
51122370,4.568636235841013
51122372,5.4089353929735005
51122373,5.346787486224656
51122374,5.318758762624412
51122375,4.721246399047171
51122376,6.366531544420414
51122377,6.886056647693163
51122378,5.920818753952375
51122379,5.958607314841775
51122380,7.7447274948966935
51122381,5.7447274948966935
51122382,5.468521082957745
51122383,5.4089353929735005
51122403,6.161150909262744
51122404,6.346787486224656
51122405,5.721246399047171
51122406,5.619788758288394
51122407,5.823908740944319
51122413,5.886056647693163
51122414,6.259637310505756
51122415,6.431798275933005
51122419,7.275724130399211
51122420,6.136677139879544
51122421,5.356547323513812
51122430,6.958607314841775
51122434,5.769551078621726
51122435,5.853871964321762
51122436,5.366531544420414
51122437,6.338187314462739
51130501,5.958607314841775
51130558,5.481486060122113
51131155,7.107905397309519
51131161,6.293282217663242
51131162,6.549750891680639
51131168,6.328827157284917
51131169,6.402304814074488
51131172,6.30189945437661
51131173,6.15676722190199
51131174,6.43533393574791
51131182,6.092588639225414
51131183,6.303643611266668
51131215,6.15676722190199
51131216,5.710634048479968
51131217,6.06198090252379
51131219,6.229147988357855
51131220,6.229147988357855
51131221,5.713768145971447
51131222,6.774690718274137
51131223,6.705533773838407
51131225,6.982966660701219
51131226,6.8326826652518236
51131247,5.8474059220725305
51131248,5.854492828590337
51131291,8.769551078621726
51131296,6.920818753952375
51131304,8.301029995663981
51131305,7.958607314841775
51131307,7.958607314841775
51131308,7.823908740944319
51136455,6.958607314841775
51136459,8.050609993355087
51138404,5.61636413163812
51138505,5.778325002929231
51138506,5.951558196449596
51138507,6.057495893831919
51138508,6.327902142064283
51138509,5.980468315468745
51138510,7.013228265733755
51138511,7.1487416512809245
51138512,5.3041682271733075
51138566,5.811352704000282
51138567,5.064341613899366
51138568,5.728158393463501
51138583,6.106238237942057
51138598,5.521145032471337
51138599,5.592779107072603
51138609,5.609948503541013
51140391,7.585026652029182
51140393,8.468521082957745
51140407,8.4089353929735
51140428,7.481486060122112
51140433,7.3872161432802645
51140464,8.443697499232712
51140994,5.0
51211213,6.823908740944319
51211214,6.511449283499556
51211215,7.180456064458132
51211216,7.2441251443275085
51211217,6.211124884224583
51211218,8.698970004336019
51211221,5.813326132500255
51211222,6.607303046740334
51211223,6.4156687756324695
51211224,6.943095148663527
51211225,7.356547323513812
51211226,6.962573502059376
51211227,7.455931955649724
51211228,6.158015195409886
51211235,8.522878745280337
51211236,7.6777807052660805
51211237,7.619788758288394
51211238,8.096910013008056
51211241,7.366531544420414
51211242,5.9083330424043154
51211245,8.0
51211246,7.275724130399211
51211247,6.404503778174426
51211248,7.337242168318426
51211249,6.5718652059712115
51211250,5.514846650096348
51211251,6.209714835966758
51211252,6.728158393463501
51211257,7.920818753952375
51211258,6.812479279163537
51220582,5.692503962086787
51225178,8.301029995663981
51241171,7.585026652029182
51246352,7.6020599913279625
51246378,6.795880017344075
51246379,6.657577319177793
51246380,6.958607314841775
51246381,5.853871964321762
51246382,7.2441251443275085
51246383,6.431798275933005
51246384,5.769551078621726
51246385,6.619788758288394
51246390,7.522878745280337
51246391,5.7447274948966935
51246395,7.301029995663981
51246404,6.721246399047171
51246406,7.154901959985743
51247509,7.853871964321762
51247519,8.017728766960431
51247522,8.537602002101044
51247524,8.387216143280265
51247525,7.920818753952375
51247526,6.221848749616356
51247544,5.854492828590337
51247558,8.036212172654444
51247559,7.958607314841775
51247578,6.950781977329818
51247622,7.568636235841013
51247623,7.431798275933005
51247624,7.795880017344075
51247625,6.667561540084395
51247626,8.522878745280337
51247627,8.221848749616356
51247628,6.924453038607469
51247639,5.468521082957745
51247640,6.094743951251549
51247646,7.585026652029182
51247652,6.354577730650908
51252393,7.337242168318426
51252394,8.154901959985743
51252398,7.070581074285707
51252403,8.0
51252404,7.853871964321762
51252405,8.0
51252406,7.823908740944319
51252407,7.698970004336019
51252408,7.522878745280337
51252409,7.443697499232712
51252410,7.7447274948966935
51252411,7.443697499232712
51252412,8.301029995663981
51252415,7.337242168318426
51252416,7.214670164989233
51252417,7.6777807052660805
51252452,7.366531544420414
51252459,7.920818753952375
51252460,7.301029995663981
51252461,8.397940008672037
51252462,8.698970004336019
51252463,8.0
51252479,8.301029995663981
51252480,7.657577319177793
51253271,7.481486060122112
51272323,5.568636235841013
51291511,6.359518563029578
51291512,6.402304814074488
51291514,7.346787486224656
51291526,6.359518563029578
51291527,6.006123085058789
51291528,6.401209493236885
51291529,6.0385789059335515
51291530,8.013228265733755
51291531,6.7121982700697735
51291532,8.142667503568731
51291533,6.991399828238082
51291534,7.886056647693163
51291536,5.9344202852715515
51291537,6.739928612014925
51291538,7.2076083105017466
51291539,7.026872146400302
51291540,7.136677139879544
51291541,6.229147988357855
51291542,7.086186147616283
51291576,7.823908740944319
51291577,6.795880017344075
51291578,7.142667503568731
51291586,8.187086643357144
51291587,6.060480747381382
51291589,7.086186147616283
51291592,7.2441251443275085
51291605,6.192464971931146
51291606,7.920818753952375
51291607,8.096910013008056
51291608,6.218244625347531
51291609,7.045757490560675
51295068,5.619788758288394
51295086,6.42021640338319
51295087,5.6020599913279625
51295108,5.657577319177793
51295109,4.522878745280337
51295117,6.698970004336019
51299609,6.311580177997289
51299612,6.436518914605589
51299641,5.96537154337468
51299658,5.585695311871668
51299659,4.9148521878730955
51299660,5.935542010773082
51299681,5.555642874343972
51299682,6.482804102050026
51299744,5.105075022640457
51304179,7.619788758288394
51304182,7.7447274948966935
51306565,7.045757490560675
51306566,7.886056647693163
51306572,8.886056647693163
51306573,8.130768280269024
51306577,8.698970004336019
51306581,9.154901959985743
51306586,6.6595558851598815
51306591,7.130768280269024
51306592,7.080921907623926
51306593,7.113509274827518
51306594,6.721246399047171
51306596,6.096910013008056
51306598,8.267606240177031
51306599,9.096910013008056
51306600,7.167491087293763
51306601,9.522878745280337
51306602,8.494850021680094
51306603,8.638272163982407
51306605,8.366531544420413
51306606,8.318758762624412
51306608,8.769551078621726
51306609,8.443697499232712
51306661,8.318758762624412
51306688,7.0
51306698,8.721246399047171
51306699,8.275724130399212
51306733,6.42021640338319
51306753,8.920818753952375
51306793,9.221848749616356
51306794,7.619788758288394
51306795,8.619788758288394
51318637,8.309803919971486
51318644,6.886056647693163
51318667,8.958607314841775
51318668,6.3979400086720375
51318669,8.494850021680094
51318670,8.259637310505756
51318672,6.721246399047171
51318676,8.275724130399212
51318677,8.387216143280265
51318686,8.455931955649724
51318687,8.397940008672037
51318760,6.806875401645538
51318769,7.173925197299173
51318770,6.6777807052660805
51318771,7.1938200260161125
51318772,6.782516055786093
51318773,7.200659450546418
51318774,7.142667503568731
51318778,6.291579099865287
51318779,7.130768280269024
51318780,7.376750709602099
51318782,6.104577453960592
51318783,7.017728766960431
51325048,8.200659450546418
51325049,5.700057099977233
51325066,4.886056647693163
51325091,7.698970004336019
51325092,8.0
51325093,7.795880017344075
51325094,7.6020599913279625
51325095,8.0
51325096,8.102372908709558
51325097,8.102372908709558
51325098,7.698970004336019
51325099,6.899629454882437
51325100,7.698970004336019
51325101,8.0
51325114,7.698970004336019
51325134,7.6020599913279625
51325135,6.801342913045577
51325136,7.102372908709558
51325137,6.0
51325148,6.801342913045577
51325154,7.698970004336019
51325155,7.698970004336019
51325160,6.698970004336019
51325176,7.698970004336019
51325177,8.301029995663981
51325178,7.494850021680094
51325184,8.102372908709558
51326378,5.356547323513812
51326451,5.920818753952375
51326565,7.1938200260161125
51328236,5.450996737974212
51328237,4.860120913598763
51328238,7.42021640338319
51328242,5.402304814074488
51328243,7.638272163982407
51328257,5.623423042943488
51328258,5.020907099361674
51328259,5.8124792791635365
51328260,5.774690718274137
51328261,5.1979107421182675
51328262,4.115771230367396
51328263,5.705533773838407
51328264,5.555955204081924
51328265,6.995678626217358
51328266,6.386158178123931
51328267,5.490797477668897
51328268,7.552841968657781
51328269,6.1438755557577
51328274,4.818156412055227
51328275,6.086186147616283
51328276,6.343901797987168
51328277,6.2343314452409855
51328280,5.488116639021126
51328283,6.899629454882437
51328284,5.698970004336019
51328465,5.678194516142461
51328472,5.554395796726403
51328520,5.689731633367552
51330571,5.42021640338319
51332032,6.272458742971444
51332035,6.049635145623877
51332038,6.181774106386045
51332039,6.012333735073725
51333451,5.376750709602099
51333452,5.886056647693163
51333453,4.886056647693163
51333454,6.2441251443275085
51333455,6.468521082957745
51333456,6.42021640338319
51333457,6.366531544420414
51333458,6.481486060122113
51333459,4.455931955649724
51333460,5.568636235841013
51333461,5.886056647693163
51333462,5.552841968657781
51333463,5.4089353929735005
51333464,4.769551078621726
51333466,6.443697499232712
51333467,6.795880017344075
51333468,5.292429823902063
51333469,5.6777807052660805
51333470,5.026872146400302
51333471,5.795880017344075
51333472,6.920818753952375
51333473,5.769551078621726
51333474,6.920818753952375
51333475,5.6020599913279625
51333476,6.2441251443275085
51333477,4.7447274948966935
51333478,5.337242168318426
51333479,7.1938200260161125
51333480,7.050609993355087
51333481,7.823908740944319
51333482,7.721246399047171
51333483,7.494850021680094
51333484,7.031517051446065
51333485,7.920818753952375
51333486,6.823908740944319
51333487,6.443697499232712
51339947,6.482804102050026
51339948,6.585026652029182
51339949,5.015742798294584
51339950,5.24695343837347
51339952,5.791289980093599
51339953,6.468521082957745
51339954,5.664141088680182
51339955,6.892790030352131
51339956,6.170053304058364
51339958,5.932557157223619
51343848,6.52432881167557
51343849,6.669586226650809
51343850,6.856985199745905
51343851,7.102372908709558
51343852,6.396855627379818
51343853,7.259637310505756
51343854,6.804100347590766
51343855,6.756961951313706
51343856,6.459670525209126
51343857,6.716698771296451
51343858,6.372634143407267
51343859,6.355561410532162
51343860,6.498940737782249
51346573,6.0
51346574,6.7447274948966935
51346575,7.0
51346576,6.853871964321762
51346577,6.886056647693163
51346578,6.886056647693163
51346664,9.499999678657066
51347838,8.244125144327509
51347841,7.045757490560675
51347842,6.247183568811728
51347844,7.214670164989233
51347845,6.838631997765025
51347850,7.292429823902063
51347851,7.1487416512809245
51347852,8.096910013008056
51347853,7.6020599913279625
51347854,7.568636235841013
51347856,7.823908740944319
51347857,7.958607314841775
51347858,8.522878745280337
51347864,5.854182285508172
51349035,8.585026652029182
51355828,6.330683119433888
51355829,7.346787486224656
51355830,6.764471553092451
51355831,7.508638306165727
51355832,6.552841968657781
51355833,7.657577319177793
51355841,5.981299501333757
51355842,5.757707095017069
51355843,6.728158393463501
51355844,6.460923901207224
51355845,7.187086643357144
51364132,5.65033401590337
51364133,5.544850478820172
51364136,5.587035728003337
51364137,5.890759031411797
51364141,5.966978555317089
51364144,5.558933593360737
51364145,5.58838029403677
51364146,6.231361898752385
51364149,5.72445831159869
51364150,5.95506845385084
51364151,5.551602896542232
51364152,5.941953769604718
51364153,7.161150909262744
51364154,5.811915626285062
51364155,6.052566278112949
51364158,5.563519304990505
51364161,5.835944708106548
51364163,5.703115524461452
51364223,6.920818753952375
51368097,4.669586226650809
51368315,6.657577319177793
51376818,7.853871964321762
51376819,5.928854709548917
51376820,7.026872146400302
51376821,6.779891911959945
51376823,8.096910013008056
51377960,6.180456064458132
51377961,5.151195298948196
51377962,6.328827157284917
51377963,5.450996737974212
51377965,6.11975822410452
51377966,6.634512015109101
51377969,6.147520006363144
51377970,5.966576244513051
51377971,6.289036881004725
51377972,6.297569463554475
51377973,6.815308569182402
51377974,5.586700235918748
51377975,7.045757490560675
51377976,6.790484985457369
51377977,7.060480747381382
51377978,7.050609993355087
51377979,7.236572006437063
51377980,7.356547323513812
51377981,8.366531544420413
51377982,6.756961951313706
51377983,6.823908740944319
51377984,6.747146969020107
51377985,7.5376020021010435
51377986,6.610833915635467
51377987,7.050609993355087
51377988,6.087777943467584
51377989,8.05551732784983
51377990,8.431798275933005
51377991,7.552841968657781
51377992,7.200659450546418
51377993,8.346787486224656
51377994,7.026872146400302
51377995,7.236572006437063
51377996,7.552841968657781
51377997,6.496209316942819
51377998,7.958607314841775
51378001,8.537602002101044
51378413,8.301029995663981
51378420,9.886056647693163
51378421,9.585026652029182
51378750,7.113509274827518
51378751,7.481486060122112
51384209,6.1598939055432425
51384210,6.490797477668897
51384211,6.404503778174426
51384213,6.241088107602026
51384215,5.628932137728263
51384216,6.507239610973162
51384217,5.7544873321858505
51384218,5.350665141287858
51384219,6.186419011431808
51384220,6.218963061378868
51384221,6.308034897232639
51384222,6.5718652059712115
51384223,6.505845405981557
51384224,6.4698003017969175
51384226,6.540607512240769
51384227,7.136677139879544
51384228,6.528708288941061
51384229,6.4179366370882915
51384230,6.100179497572904
51384231,7.853871964321762
51384232,5.982966660701219
51384236,7.920818753952375
51384237,6.006563769502388
51384238,6.476253533188435
51384240,6.213248577854439
51384241,6.482804102050026
51384242,7.022276394711152
51384243,5.661543506395395
51384244,7.823908740944319
51384246,7.142667503568731
51390901,7.698970004336019
51390902,7.7447274948966935
51390904,7.468521082957745
51392138,4.229147988357856
51405278,7.721246399047171
51405279,7.431798275933005
51405282,7.366531544420414
51405283,6.573488738635425
51405284,7.585026652029182
51405285,7.585026652029182
51405286,7.552841968657781
51405287,6.82102305270683
51405288,7.214670164989233
51405289,7.187086643357144
51405290,7.769551078621726
51405291,7.823908740944319
51405292,8.0
51405293,7.275724130399211
51405294,7.853871964321762
51405296,7.7447274948966935
51415408,7.431798275933005
51415409,7.7447274948966935
51416916,8.568636235841012
51416917,8.638272163982407
51416918,8.619788758288394
51416923,8.221848749616356
51416924,8.4089353929735
51416925,8.173925197299173
51416926,8.0
51416931,7.920818753952375
51416932,8.522878745280337
51416934,7.6777807052660805
51416941,6.534617148551582
51416942,7.236572006437063
51416943,8.958607314841775
51416944,6.707743928643524
51416949,7.552841968657781
51416950,6.943095148663527
51416951,6.804100347590766
51416952,6.52432881167557
51423809,5.292429823902063
51423810,5.180456064458132
51441492,8.387216143280265
51441493,8.008773924307505
51441494,8.0
51441495,7.795880017344075
51441496,7.795880017344075
51441497,7.769551078621726
51441498,7.7447274948966935
51441499,7.7447274948966935
51441500,7.6020599913279625
51441501,7.508638306165727
51441502,7.481486060122112
51441503,7.481486060122112
51441504,7.481486060122112
51441505,7.3979400086720375
51441506,7.318758762624412
51441507,7.292429823902063
51441508,7.259637310505756
51441509,7.161150909262744
51441522,6.906578314837765
51441523,6.679853713888946
51441524,5.574628833561059
51444026,7.309803919971486
51444027,6.320572103387881
51444028,6.402304814074488
51444032,6.443697499232712
51444033,8.0
51444034,6.448550002027125
51444035,8.221848749616356
51444036,6.527243550682788
51444038,6.394694953858891
51444039,6.782516055786093
51444040,6.7447274948966935
51444043,7.173925197299173
51444044,6.853871964321762
51444050,6.714442690992226
51444051,8.045757490560675
51449956,6.600326278518962
51449957,7.301029995663981
51449958,6.400116927926312
51449959,7.494850021680094
51449960,7.886056647693163
51449961,7.3979400086720375
51449962,7.494850021680094
51449964,7.494850021680094
51449965,7.200659450546418
51449966,8.0
51449967,9.100000128334196
51449968,8.200659450546418
51449969,7.886056647693163
51449970,8.102372908709558
51449971,9.100000128334196
51449972,8.301029995663981
51449973,8.795880017344075
51449974,8.602059991327963
51449975,8.698970004336019
51449976,8.102372908709558
51449977,8.200659450546418
51449978,7.795880017344075
51449979,8.0
51449980,9.0
51449981,9.200000237109354
51449982,8.698970004336019
51449983,8.602059991327963
51449984,8.698970004336019
51449985,9.300000202445418
51449986,5.0
51455496,5.985479461242076
51460307,5.4089353929735005
51460575,5.844360366240224
51460576,5.699621935129297
51460577,7.920818753952375
51460578,7.481486060122112
51460579,7.795880017344075
51460580,6.8297382846050425
51460581,6.782516055786093
51460582,6.087777943467584
51460583,5.455683858252573
51460584,6.289882634888183
51460585,5.0
51460586,7.443697499232712
51460587,7.366531544420414
51460588,5.318758762624412
51460589,5.0
51460590,6.565431095965801
51460591,6.5003129173815966
51460592,8.070581074285707
51460593,6.442492798094342
51460594,8.443697499232712
51460595,7.886056647693163
51466145,6.886056647693163
51470568,7.075720713938118
51470569,6.87942606879415
51470570,5.772370350428991
51470571,5.70421305974839
51470572,6.298432014944073
51470573,6.761953896871205
51470574,6.769551078621726
51470575,6.450996737974212
51470576,7.376750709602099
51470577,5.954677021213342
51470578,6.309803919971486
51470579,7.0915149811213505
51478296,8.522878745280337
51478297,9.568636235841012
51479079,6.018181392829336
51479080,6.105683937315561
51479081,6.0762380391713
51485787,5.852632892206214
51493294,7.958607314841775
51493295,6.281498311132726
51495461,6.374687549038326
51495464,6.000869458712629
51495465,5.715794932298206
51495466,5.787279845582158
51495467,5.635824367229381
51495468,6.85078088734462
51495470,6.016824927962187
51495471,7.657577319177793
51495472,5.09312646527793
51495473,5.323123568026863
51495474,7.3979400086720375
51495475,6.489454989793388
51495476,6.102922996790579
51495477,7.096910013008056
51495478,6.531652669587842
51495479,6.2839966563652006
51495480,5.5638373529592435
51495481,7.107905397309519
51495482,6.370590400897281
51495483,7.221848749616356
51495484,6.278189384787454
51495485,7.431798275933005
51495486,6.501689446210399
51495487,6.703334809738469
51495488,6.841637507904751
51495489,6.681936665037238
51495490,5.991399828238082
51495491,6.101823516502323
51499636,5.795880017344075
51499637,6.431798275933005
51508979,7.173925197299173
51519404,7.823908740944319
51519405,8.154901959985743
51519406,7.920818753952375
51519407,8.455931955649724
51519408,8.346787486224656
51519409,7.958607314841775
51519410,9.0
51519411,8.657577319177793
51519412,9.522878745280337
51519413,8.387216143280265
51519414,8.309803919971486
51519416,6.4089353929735005
51520009,7.7447274948966935
51520019,6.966576244513051
51520052,9.045757490560675
51520057,8.698970004336019
51520283,7.481486060122112
51520284,7.292429823902063
51524236,7.318758762624412
51524237,7.2839966563652006
51524238,5.501138311007116
51524239,7.698970004336019
51524240,7.119186407719209
51533391,7.5376020021010435
51533392,7.853871964321762
51533393,8.096910013008056
51533394,7.568636235841013
51539450,6.055517327849832
51539452,5.707522406332216
51539453,6.823908740944319
51539454,6.006563769502388
51539455,6.610833915635467
51539456,6.688246138944246
51539457,7.356547323513812
51539458,6.673664139071248
51539459,6.966576244513051
51539460,6.375717904164332
51539461,6.962573502059376
51539462,5.6595558851598815
51539463,5.281498311132726
51539465,5.808269606637143
51539466,5.250263684430939
51539467,6.118615343229427
51542009,7.568636235841013
51542010,8.602059991327963
51542011,8.698970004336019
51542012,4.454965176244565
51542013,8.221848749616356
51542014,4.378107411682646
51542015,4.710857164067667
51542018,9.008773924307505
51542019,8.468521082957745
51542020,8.4089353929735
51542021,8.522878745280337
51542022,8.823908740944319
51542023,8.4089353929735
51542024,9.008773924307505
51542025,8.267606240177031
51542026,9.008773924307505
51542027,7.214670164989233
51542028,8.468521082957745
51542029,7.886056647693163
51542030,8.045757490560675
51542031,8.468521082957745
51542032,8.602059991327963
51542033,8.096910013008056
51542034,8.154901959985743
51542035,8.356547323513812
51542036,8.4089353929735
51542037,7.468521082957745
51542038,8.698970004336019
51546766,6.373659632624958
51546767,8.337242168318426
51546768,7.823908740944319
51546769,8.568636235841012
51546770,8.42021640338319
51546771,8.795880017344075
51546772,8.161150909262744
51546773,8.42021640338319
51546774,8.585026652029182
51546775,8.017728766960431
51546787,8.301029995663981
51547595,4.886056647693163
51547596,4.853871964321762
51549114,7.154901959985743
51549115,5.096910013008056
51549128,8.585026652029182
51561767,4.6020599913279625
51561776,4.853871964321762
51561777,4.173925197299173
51565613,8.244125144327509
51566913,8.744727494896694
51568127,8.301029995663981
51568128,8.698970004336019
51568129,7.958607314841775
51568130,6.958607314841775
51568131,7.769551078621726
51568132,7.6020599913279625
51568133,7.119186407719209
51568134,8.0
51568135,7.568636235841013
51568136,7.721246399047171
51568137,7.585026652029182
51568138,8.221848749616356
51568139,8.397940008672037
51568140,8.301029995663981
51569510,6.7423214251308154
51569511,6.59176003468815
51569512,7.055517327849832
51569513,7.055517327849832
51569514,6.72584215073632
51569515,7.187086643357144
51569516,7.055517327849832
51569517,6.1180450286604
51569518,7.0
51569519,7.721246399047171
51569520,7.481486060122112
51569521,8.045757490560675
51569522,7.366531544420414
51569523,8.130768280269024
51569524,7.638272163982407
51569525,7.6020599913279625
51569526,7.795880017344075
51569527,7.886056647693163
51569528,8.070581074285707
51569529,7.568636235841013
51569530,8.05551732784983
51569532,7.769551078621726
51569533,8.173925197299173
51572690,5.616184634019569
51572691,6.860120913598763
51572698,8.301029995663981
51572699,8.397940008672037
51575910,6.486782399932061
51575911,7.130768280269024
51575912,7.045757490560675
51575913,6.151810883008602
51575914,6.2644011003018205
